track_id,href,acousticness,danceability,energy,instrumentalness,key,liveness,loudness,mode,speechiness,tempo,valence,tempo_norm,loudness_norm,key_name
02H58MSfVESkKyx4diDgu7,https://open.spotify.com/track/02H58MSfVESkKyx4diDgu7,0.216,0.771,0.68,3.88e-05,6.0,0.287,-5.63,1,0.0557,88.011,0.336,0.2636863636363636,0.9061666666666668,F#
02U9EixxU2Znl6ilsr9mrv,https://open.spotify.com/track/02U9EixxU2Znl6ilsr9mrv,0.0004159999999999,0.827,0.761,0.882,10.0,0.0764,-5.425,0,0.154,108.01,0.378,0.3545909090909091,0.9095833333333334,A#
02wk5BttM0QL38ERjLPQJB,https://open.spotify.com/track/02wk5BttM0QL38ERjLPQJB,0.653,0.752,0.65,0.00136,5.0,0.105,-6.682999999999999,0,0.12,134.993,0.532,0.477240909090909,0.8886166666666667,F
040I32EKLxQrkuxQu1pqvT,https://open.spotify.com/track/040I32EKLxQrkuxQu1pqvT,0.64,0.557,0.577,0.0,1.0,0.104,-7.514,1,0.027,89.111,0.328,0.2686863636363636,0.8747666666666666,C#
04HGddGSz9qgxiFJkR7oMy,https://open.spotify.com/track/04HGddGSz9qgxiFJkR7oMy,0.0581,0.709,0.937,0.0,7.0,0.0291,-3.577,1,0.0632,109.925,0.697,0.3632954545454545,0.9403833333333332,G
04PSKcBV1ad3QEmmnZCn2N,https://open.spotify.com/track/04PSKcBV1ad3QEmmnZCn2N,0.0229,0.629,0.733,0.0,1.0,0.0793,-5.09,1,0.0548999999999999,151.088,0.538,0.5504,0.9151666666666666,C#
04WxWo7XeVyx22xEsrWRUb,https://open.spotify.com/track/04WxWo7XeVyx22xEsrWRUb,0.0229,0.624,0.65,1.21e-05,2.0,0.145,-5.819,1,0.0358,150.048,0.138,0.5456727272727273,0.9030166666666666,D
05STjz8kmPBUebu3uu5sO0,https://open.spotify.com/track/05STjz8kmPBUebu3uu5sO0,0.0133,0.643,0.841,1.39e-06,2.0,0.312,-3.834,0,0.0665,145.999,0.764,0.5272681818181818,0.9361,D
06Qo2fYR2KS1F7bL338iVT,https://open.spotify.com/track/06Qo2fYR2KS1F7bL338iVT,0.114,0.781,0.655,0.00249,2.0,0.103,-7.073,0,0.0457,113.031,0.493,0.3774136363636364,0.8821166666666667,D
06qMRF18gwbOYYbnP2du6i,https://open.spotify.com/track/06qMRF18gwbOYYbnP2du6i,0.212,0.733,0.598,3.71e-06,2.0,0.156,-8.228,1,0.0278,107.732,0.935,0.3533272727272727,0.8628666666666667,D
09keT5ocFhEd5W5HidiUNq,https://open.spotify.com/track/09keT5ocFhEd5W5HidiUNq,0.166,0.925,0.74,0.0,2.0,0.0521,-2.698,1,0.123,101.994,0.844,0.3272454545454545,0.9550333333333332,D
0AS63m1wHv9n4VVRizK6Hc,https://open.spotify.com/track/0AS63m1wHv9n4VVRizK6Hc,0.126,0.554,0.662,0.0,11.0,0.111,-4.957,0,0.0821,148.122,0.338,0.5369181818181818,0.9173833333333332,B
0ATIeBo4fQnecpNzm3CUFm,https://open.spotify.com/track/0ATIeBo4fQnecpNzm3CUFm,0.169,0.92,0.427,0.285,8.0,0.107,-8.419,1,0.057,106.976,0.917,0.3498909090909091,0.8596833333333334,G#
0ApadYqa3GRQkJJ3E7pQDJ,https://open.spotify.com/track/0ApadYqa3GRQkJJ3E7pQDJ,0.186,0.57,0.635,0.0,1.0,0.0874,-6.641,1,0.121,84.856,0.364,0.2493454545454545,0.8893166666666666,C#
0ECkPMDQlTtL373y7BByup,https://open.spotify.com/track/0ECkPMDQlTtL373y7BByup,0.00101,0.807,0.828,7.91e-06,1.0,0.143,-2.928,1,0.0628,104.978,0.672,0.3408090909090909,0.9512,C#
0IsIY8pfu1yaGkPUD7pkDx,https://open.spotify.com/track/0IsIY8pfu1yaGkPUD7pkDx,0.0167,0.78,0.713,0.206,0.0,0.144,-4.493,1,0.0888,130.034,0.615,0.4546999999999999,0.9251166666666666,C
0JgassGI6jNxpX82jGpcuJ,https://open.spotify.com/track/0JgassGI6jNxpX82jGpcuJ,0.176,0.777,0.607,0.0,4.0,0.228,-8.227,0,0.199,120.866,0.261,0.4130272727272727,0.8628833333333332,E
0Jmq224Bmp5uVckhz0dExX,https://open.spotify.com/track/0Jmq224Bmp5uVckhz0dExX,0.00234,0.535,0.936,0.0,3.0,0.104,-2.891,0,0.131,164.855,0.647,0.6129772727272726,0.9518166666666666,D#
0KKkJNfGyhkQ5aFogxQAPU,https://open.spotify.com/track/0KKkJNfGyhkQ5aFogxQAPU,0.013,0.853,0.56,0.0,1.0,0.0944,-4.961,1,0.0406,134.066,0.86,0.4730272727272727,0.9173166666666668,C#
0N8Xztr4pBHJ7V0moJWhbO,https://open.spotify.com/track/0N8Xztr4pBHJ7V0moJWhbO,0.0345,0.673,0.85,1.14e-05,2.0,0.0943,-5.021,1,0.0337,100.008,0.793,0.3182181818181818,0.9163166666666668,D
0NPR33dSDeDdlWS4aaN3dc,https://open.spotify.com/track/0NPR33dSDeDdlWS4aaN3dc,0.425,0.212,0.513,3.56e-05,6.0,0.159,-7.434,1,0.0341,73.908,0.258,0.1995818181818182,0.8761,F#
0NnXG9qhpf0E6elVQdWLE7,https://open.spotify.com/track/0NnXG9qhpf0E6elVQdWLE7,0.267,0.541,0.84,0.0,7.0,0.0556,-3.452,1,0.0531,160.089,0.485,0.5913136363636363,0.9424666666666668,G
0NoeYUnwpb9R26mpylHcR9,https://open.spotify.com/track/0NoeYUnwpb9R26mpylHcR9,0.0339,0.663,0.82,0.0,5.0,0.0974,-3.244,0,0.0362,94.019,0.568,0.2909954545454545,0.9459333333333332,F
0OA00aPt3BV10qeMIs3meW,unknown_href,0.2104207550200803,0.6701184738955822,0.6932630522088353,0.0265373838554216,5.381526104417671,0.1754937751004016,-5.384678714859438,0,0.0884104417670682,120.96731526104418,0.5458128514056225,0.4134877966411099,0.9102553547523426,C
0OEe83mMZ5kaNw5uZQ7ilG,https://open.spotify.com/track/0OEe83mMZ5kaNw5uZQ7ilG,0.461,0.674,0.609,0.0,2.0,0.328,-6.306,0,0.045,116.066,0.509,0.3912090909090909,0.8949,D
0OaHZgVm77zLQNR3kwFf6n,https://open.spotify.com/track/0OaHZgVm77zLQNR3kwFf6n,0.0144,0.908,0.715,0.0,11.0,0.0421,-4.448,0,0.0991,109.98,0.618,0.3635454545454545,0.9258666666666666,B
0ObH6HhEWiI2kXBJ4tusbQ,https://open.spotify.com/track/0ObH6HhEWiI2kXBJ4tusbQ,0.0432,0.618,0.824,0.0,4.0,0.28,-4.827,0,0.0838,117.958,0.437,0.3998090909090909,0.91955,E
0PBTlQ84CBJF0tBnKGmQa6,https://open.spotify.com/track/0PBTlQ84CBJF0tBnKGmQa6,0.0315,0.466,0.6010000000000001,0.0,8.0,0.0927,-4.468,1,0.053,53.376,0.627,0.1062545454545454,0.9255333333333332,G#
0Q5VnK2DYzRyfqQRJuUtvi,https://open.spotify.com/track/0Q5VnK2DYzRyfqQRJuUtvi,0.00379,0.703,0.709,5.43e-05,1.0,0.333,-4.169,0,0.0433,117.941,0.538,0.3997318181818182,0.9305166666666668,C#
0Q7PMMu2ZDQDF5VjlCOBfc,https://open.spotify.com/track/0Q7PMMu2ZDQDF5VjlCOBfc,0.164,0.607,0.857,0.0,2.0,0.211,-3.287,1,0.301,179.749,0.732,0.6806772727272727,0.9452166666666668,D
0QzuaeCEEOV40Pn7IvKEny,https://open.spotify.com/track/0QzuaeCEEOV40Pn7IvKEny,0.845,0.656,0.436,0.0,8.0,0.221,-11.141,1,0.0744,109.239,0.196,0.3601772727272727,0.8143166666666667,G#
0T6J3Ipbe06lm7p3grH2bg,https://open.spotify.com/track/0T6J3Ipbe06lm7p3grH2bg,0.00609,0.471,0.948,0.0,5.0,0.116,-2.62,0,0.0394,184.926,0.741,0.7042090909090909,0.9563333333333334,F
0Tc5rJmMphUeuOp1mTUPAu,https://open.spotify.com/track/0Tc5rJmMphUeuOp1mTUPAu,0.0546999999999999,0.729,0.701,0.0036,2.0,0.352,-4.048,1,0.189,157.942,0.849,0.5815545454545454,0.9325333333333332,D
0Tq7v8YAmwdnAYBwyR1pZ4,https://open.spotify.com/track/0Tq7v8YAmwdnAYBwyR1pZ4,0.0208,0.664,0.888,0.0,11.0,0.0623,-3.277,0,0.0902,153.089,0.617,0.5594954545454546,0.9453833333333334,B
0UTtK6hregIBOsefavRI26,https://open.spotify.com/track/0UTtK6hregIBOsefavRI26,0.136,0.769,0.593,8.54e-06,10.0,0.0483,-4.867,0,0.108,86.949,0.516,0.2588590909090909,0.9188833333333334,A#
0UaaFmF3xUwMjnuAHBq7qL,https://open.spotify.com/track/0UaaFmF3xUwMjnuAHBq7qL,0.763,0.46,0.326,0.0,4.0,0.0874,-8.226,1,0.0304,134.049,0.214,0.47295,0.8629,E
0UvCh63URrLFcPkKt99hHd,https://open.spotify.com/track/0UvCh63URrLFcPkKt99hHd,0.0707,0.327,0.938,3.79e-06,0.0,0.148,-3.237,1,0.0636,162.933,0.327,0.6042409090909091,0.94605,C
0V2passWyAXnON67kfAj7y,https://open.spotify.com/track/0V2passWyAXnON67kfAj7y,0.0404,0.6820000000000002,0.926,0.0,3.0,0.19,-2.515,0,0.0606999999999999,105.969,0.86,0.3453136363636363,0.9580833333333332,D#
0VPFT123HKoQ2J6ipeDcI1,https://open.spotify.com/track/0VPFT123HKoQ2J6ipeDcI1,0.0536,0.661,0.823,0.0,9.0,0.369,-4.329,0,0.127,105.993,0.761,0.3454227272727272,0.92785,A
0VaeksJaXy5R1nvcTMh3Xk,https://open.spotify.com/track/0VaeksJaXy5R1nvcTMh3Xk,0.36,0.373,0.818,0.0,3.0,0.434,-3.19,0,0.102,97.571,0.361,0.3071409090909091,0.9468333333333334,D#
0VrZodRby4IfK3rZIxSajI,https://open.spotify.com/track/0VrZodRby4IfK3rZIxSajI,0.0139,0.658,0.732,0.00147,9.0,0.2,-5.3,1,0.032,110.99,0.717,0.3681363636363636,0.9116666666666668,A
0ZPjVmof45INEERgYfadtv,https://open.spotify.com/track/0ZPjVmof45INEERgYfadtv,0.0153,0.69,0.842,0.0,10.0,0.0639,-4.288,0,0.0739,141.994,0.626,0.5090636363636364,0.9285333333333334,A#
0a4MMyCrzT0En247IhqZbD,https://open.spotify.com/track/0a4MMyCrzT0En247IhqZbD,0.268,0.593,0.935,0.0,4.0,0.286,-3.43,0,0.225,99.976,0.783,0.3180727272727273,0.9428333333333332,E
0aP1rlawWVSjuDSo7dbWRI,https://open.spotify.com/track/0aP1rlawWVSjuDSo7dbWRI,0.0106,0.66,0.805,0.0,8.0,0.234,-5.607,0,0.0839,125.02299999999998,0.61,0.4319227272727272,0.90655,G#
0aZG8KWrpRnsGL0loUkfSj,https://open.spotify.com/track/0aZG8KWrpRnsGL0loUkfSj,0.0102,0.808,0.71,0.0,5.0,0.144,-4.798,1,0.0752,112.066,0.73,0.3730272727272727,0.9200333333333331,F
0anAdKplcEJcshuFGZS3cN,https://open.spotify.com/track/0anAdKplcEJcshuFGZS3cN,0.166,0.716,0.615,0.0,8.0,0.146,-7.039,0,0.0447,120.015,0.77,0.4091590909090909,0.8826833333333333,G#
0bC7GKnxh9W9JIvJ6HVWxc,https://open.spotify.com/track/0bC7GKnxh9W9JIvJ6HVWxc,0.032,0.843,0.389,5.25e-06,9.0,0.109,-7.664000000000001,0,0.036,123.967,0.635,0.4271227272727272,0.8722666666666666,A
0bMWoFtQIrnW5YyNMc4aKQ,unknown_href,0.2104207550200803,0.6701184738955822,0.6932630522088353,0.0265373838554216,5.381526104417671,0.1754937751004016,-5.384678714859438,0,0.0884104417670682,120.96731526104418,0.5458128514056225,0.4134877966411099,0.9102553547523426,C
0bMoNdAnxNR0OuQbGDovrr,https://open.spotify.com/track/0bMoNdAnxNR0OuQbGDovrr,0.0759,0.879,0.784,0.0,10.0,0.125,-3.944,0,0.081,105.01900000000002,0.83,0.3409954545454546,0.9342666666666666,A#
0bYg9bo50gSsH3LtXe2SQn,https://open.spotify.com/track/0bYg9bo50gSsH3LtXe2SQn,0.164,0.336,0.627,0.0,7.0,0.0708,-7.463,1,0.0384,150.273,0.3499999999999999,0.5466954545454545,0.8756166666666666,G
0cbVD7WpHVdHUKwoolzhCZ,https://open.spotify.com/track/0cbVD7WpHVdHUKwoolzhCZ,0.136,0.772,0.818,0.0,4.0,0.0519,-2.885,0,0.151,142.075,0.415,0.5094318181818182,0.9519166666666669,E
0cxhv3PpIkmREXqobuB0zG,https://open.spotify.com/track/0cxhv3PpIkmREXqobuB0zG,0.00018,0.631,0.693,0.826,7.0,0.137,-7.276,1,0.0327,120.00100000000002,0.684,0.4090954545454546,0.8787333333333334,G
0d2ykpjGQwxSw7huc3l7vw,https://open.spotify.com/track/0d2ykpjGQwxSw7huc3l7vw,0.13,0.891,0.888,0.0,11.0,0.31,-3.409,0,0.185,119.98900000000002,0.801,0.4090409090909092,0.9431833333333334,B
0djkJ3iAARXRCbfbwwVc3o,https://open.spotify.com/track/0djkJ3iAARXRCbfbwwVc3o,0.8200000000000001,0.4959999999999999,0.4469999999999999,0.0,0.0,0.098,-5.878,1,0.0317,101.13200000000002,0.315,0.3233272727272728,0.9020333333333334,C
0eFMbKCRw8KByXyWBw8WO7,https://open.spotify.com/track/0eFMbKCRw8KByXyWBw8WO7,0.0899,0.529,0.469,1.53e-05,1.0,0.831,-6.966999999999999,0,0.0358,87.86400000000002,0.344,0.2630181818181819,0.8838833333333334,C#
0gWrMbx6pbdH3n3nsLjE55,https://open.spotify.com/track/0gWrMbx6pbdH3n3nsLjE55,0.0849,0.598,0.655,0.0,9.0,0.284,-4.568,1,0.0316,74.013,0.242,0.2000590909090909,0.9238666666666668,A
0gzXQHsv4zYHQ1pvlyYZZa,https://open.spotify.com/track/0gzXQHsv4zYHQ1pvlyYZZa,0.0536,0.615,0.8650000000000001,0.0,11.0,0.738,-6.114000000000001,0,0.0522,145.999,0.52,0.5272681818181818,0.8980999999999999,B
0h7QMc9ZRzA9QJrbEHytn2,https://open.spotify.com/track/0h7QMc9ZRzA9QJrbEHytn2,0.00446,0.54,0.761,2.5e-06,5.0,0.137,-5.356,1,0.0311,124.988,0.215,0.4317636363636363,0.9107333333333332,F
0hL9gOw6XBWsygEUcVjxEc,https://open.spotify.com/track/0hL9gOw6XBWsygEUcVjxEc,0.0305,0.608,0.754,0.0,8.0,0.119,-5.277,1,0.0719,97.071,0.455,0.3048681818181818,0.91205,G#
0hqj5JBnFt1BHEz2UCFwrl,https://open.spotify.com/track/0hqj5JBnFt1BHEz2UCFwrl,0.91,0.52,0.2479999999999999,1.36e-06,5.0,0.118,-8.675,1,0.0355,129.214,0.228,0.4509727272727272,0.8554166666666667,F
0jY618wuln0b5b8sCxFgjk,https://open.spotify.com/track/0jY618wuln0b5b8sCxFgjk,0.158,0.709,0.879,0.00158,0.0,0.441,-4.218,1,0.042,114.99,0.34,0.3863181818181818,0.9297,C
0jvZ9caE53ubCQXMki6W23,https://open.spotify.com/track/0jvZ9caE53ubCQXMki6W23,0.291,0.738,0.743,0.0,9.0,0.118,-4.046,1,0.213,90.018,0.586,0.2728090909090909,0.9325666666666668,A
0k0GtcnyQLMiXrdEDbLXmJ,https://open.spotify.com/track/0k0GtcnyQLMiXrdEDbLXmJ,0.164,0.7970000000000002,0.743,1.2e-06,11.0,0.164,-6.005,1,0.174,114.878,0.768,0.3858090909090909,0.8999166666666666,B
0kdqcbwei4MDWFEX5f33yG,https://open.spotify.com/track/0kdqcbwei4MDWFEX5f33yG,0.0841,0.8530000000000001,0.822,0.00985,6.0,0.166,-6.836000000000001,0,0.246,157.013,0.7460000000000001,0.5773318181818182,0.8860666666666667,F#
0lUtQTBt2ydznYzuAeYFrZ,https://open.spotify.com/track/0lUtQTBt2ydznYzuAeYFrZ,0.447,0.7519999999999999,0.75,0.0,8.0,0.288,-4.666,1,0.0468,98.524,0.419,0.3114727272727273,0.9222333333333332,G#
0lizgQ7Qw35od7CYaoMBZb,https://open.spotify.com/track/0lizgQ7Qw35od7CYaoMBZb,0.0489,0.525,0.621,0.0,7.0,0.291,-7.364000000000001,1,0.117,191.868,0.592,0.7357636363636363,0.8772666666666666,G
0luFANDtNNjcBXKazh3dV8,https://open.spotify.com/track/0luFANDtNNjcBXKazh3dV8,0.124,0.584,0.712,0.0,8.0,0.118,-7.214999999999999,1,0.204,103.914,0.649,0.3359727272727272,0.87975,G#
0nj9Bq5sHDiTxSHunhgkFb,https://open.spotify.com/track/0nj9Bq5sHDiTxSHunhgkFb,0.0206,0.874,0.672,0.0,0.0,0.0783,-5.5680000000000005,1,0.198,103.921,0.711,0.3360045454545455,0.9072,C
0o3ua5ufFK7nfRzbDUNoGA,https://open.spotify.com/track/0o3ua5ufFK7nfRzbDUNoGA,0.397,0.513,0.73,0.0,9.0,0.113,-5.09,0,0.253,129.3,0.574,0.4513636363636364,0.9151666666666666,A
0oJRiblEiQgTg2hRfnacIt,https://open.spotify.com/track/0oJRiblEiQgTg2hRfnacIt,0.00792,0.764,0.713,0.0,11.0,0.393,-6.126,0,0.0555,110.01399999999998,0.238,0.3636999999999999,0.8979,B
0pNFrM5L0te1EXGxveeYiR,https://open.spotify.com/track/0pNFrM5L0te1EXGxveeYiR,0.421,0.451,0.691,0.0,9.0,0.338,-5.395,1,0.0374,143.997,0.354,0.5181681818181819,0.9100833333333334,A
0qsv5I5fEnRoX2Enb3mBNr,https://open.spotify.com/track/0qsv5I5fEnRoX2Enb3mBNr,0.257,0.84,0.705,0.000226,10.0,0.0669,-6.79,1,0.0918,160.064,0.925,0.5912,0.8868333333333334,A#
0rKWJnmo6Q0ovoPOLoLm0t,https://open.spotify.com/track/0rKWJnmo6Q0ovoPOLoLm0t,0.264,0.753,0.719,0.0,10.0,0.154,-5.607,0,0.199,94.977,0.474,0.29535,0.90655,A#
0tCr7DoUBSdtdSl0rxZmct,https://open.spotify.com/track/0tCr7DoUBSdtdSl0rxZmct,0.812,0.506,0.355,0.0,9.0,0.105,-8.394,1,0.0282,110.663,0.185,0.36665,0.8601,A
0u8rZGtXJrLtiSe34FPjGG,https://open.spotify.com/track/0u8rZGtXJrLtiSe34FPjGG,0.00306,0.623,0.7549999999999999,0.0,7.0,0.387,-5.386,1,0.0415,119.957,0.32,0.4088954545454545,0.9102333333333332,G
0uLcuydgTo4ErT6aQQayuw,https://open.spotify.com/track/0uLcuydgTo4ErT6aQQayuw,0.0927,0.795,0.869,0.0,4.0,0.109,-4.456,0,0.117,121.933,0.528,0.4178772727272727,0.9257333333333332,E
0v6wAlWCzHYj1OuJrVuH7J,https://open.spotify.com/track/0v6wAlWCzHYj1OuJrVuH7J,0.0221,0.658,0.7,0.0,6.0,0.0803,-4.075,1,0.0401,189.675,0.683,0.7257954545454546,0.9320833333333332,F#
0vaxYDAuAO1nPolC6bQp7V,https://open.spotify.com/track/0vaxYDAuAO1nPolC6bQp7V,0.0513,0.796,0.9,0.0,6.0,0.1179999999999999,-3.049,1,0.052,118.969,0.854,0.4044045454545454,0.9491833333333334,F#
0wyChSpqIqOp1nxIBYlYZn,https://open.spotify.com/track/0wyChSpqIqOp1nxIBYlYZn,0.035,0.898,0.479,0.0,1.0,0.0848,-4.288,0,0.297,92.969,0.732,0.2862227272727272,0.9285333333333334,C#
0y7bQzg9ksTSEGUWQbquQb,https://open.spotify.com/track/0y7bQzg9ksTSEGUWQbquQb,0.136,0.708,0.67,0.000314,5.0,0.0668,-6.04,1,0.0616,166.046,0.968,0.6183909090909091,0.8993333333333333,F
0yfQBmmOIVqiwhV5u10EhN,https://open.spotify.com/track/0yfQBmmOIVqiwhV5u10EhN,0.9419999999999998,0.488,0.132,4.3e-05,2.0,0.108,-12.332,1,0.0389,136.189,0.209,0.4826772727272727,0.7944666666666667,D
0znsc67nMhP4X9hjhvoyeP,https://open.spotify.com/track/0znsc67nMhP4X9hjhvoyeP,0.136,0.867,0.745,0.0,2.0,0.0773,-4.159,1,0.0408,130.019,0.963,0.4546318181818182,0.9306833333333332,D
0zqGsExr8GxWqoaYaa78xU,https://open.spotify.com/track/0zqGsExr8GxWqoaYaa78xU,0.21,0.885,0.38,0.0,7.0,0.115,-9.042,1,0.254,149.978,0.86,0.5453545454545455,0.8492999999999999,G
10I5rhhFoWZDIN3kEc6Dbo,https://open.spotify.com/track/10I5rhhFoWZDIN3kEc6Dbo,0.545,0.676,0.425,0.0,11.0,0.117,-6.397,0,0.0277999999999999,110.051,0.453,0.3638681818181818,0.8933833333333333,B
11sirgYaEutV40tkvgpHN6,https://open.spotify.com/track/11sirgYaEutV40tkvgpHN6,0.0812,0.669,0.9,0.0,7.0,0.227,-4.207,1,0.253,93.902,0.699,0.2904636363636363,0.9298833333333332,G
13189A36QorREwPdLYzFIs,https://open.spotify.com/track/13189A36QorREwPdLYzFIs,0.17,0.794,0.587,0.0,11.0,0.369,-2.936,0,0.378,94.001,0.423,0.2909136363636364,0.9510666666666666,B
145tqlcE6YFsjNfxi9K3AE,https://open.spotify.com/track/145tqlcE6YFsjNfxi9K3AE,0.0412,0.87,0.703,0.0,7.0,0.0617,-4.371,1,0.0514,100.017,0.789,0.3182590909090909,0.92715,G
14XLUySagFhP9KoqOTg5ka,https://open.spotify.com/track/14XLUySagFhP9KoqOTg5ka,0.0676,0.787,0.677,0.0,0.0,0.262,-5.304,1,0.0435,100.035,0.598,0.318340909090909,0.9116,C
16BS342F89MDqouSxgLaUK,https://open.spotify.com/track/16BS342F89MDqouSxgLaUK,0.785,0.583,0.461,1.7e-05,4.0,0.13,-5.153,1,0.0321,79.826,0.263,0.2264818181818181,0.9141166666666668,E
186NCtNk1tUYS7c2DxgJ7O,https://open.spotify.com/track/186NCtNk1tUYS7c2DxgJ7O,0.699,0.437,0.384,2.33e-05,5.0,0.121,-8.384,1,0.042,139.009,0.181,0.4954954545454544,0.8602666666666666,F
18x0Z8JUwLA2LhgsIHbNy3,https://open.spotify.com/track/18x0Z8JUwLA2LhgsIHbNy3,0.00681,0.522,0.977,0.0,8.0,0.2429999999999999,-2.715,1,0.0556,175.025,0.7290000000000001,0.6592045454545454,0.95475,G#
198zDKzyktXRG1PGpidY9h,https://open.spotify.com/track/198zDKzyktXRG1PGpidY9h,0.065,0.862,0.6869999999999999,0.0,6.0,0.0862,-5.215,1,0.0702,119.972,0.7040000000000001,0.4089636363636363,0.9130833333333332,F#
19D8LNpWwIPpi6hs9BG7dq,https://open.spotify.com/track/19D8LNpWwIPpi6hs9BG7dq,0.138,0.758,0.709,0.0,9.0,0.0765,-3.589,1,0.0447,105.005,0.529,0.3409318181818181,0.9401833333333334,A
1AtFSBJibfaqfiOByQCwZ5,https://open.spotify.com/track/1AtFSBJibfaqfiOByQCwZ5,0.53,0.77,0.597,0.0,1.0,0.239,-4.901,1,0.223,170.022,0.875,0.6364636363636363,0.9183166666666668,C#
1BAtAtx0VgWgAMROWK9WYf,https://open.spotify.com/track/1BAtAtx0VgWgAMROWK9WYf,0.0493,0.759,0.875,0.0,0.0,0.0997,-3.942,0,0.0646,140.011,0.662,0.50005,0.9343,C
1BIDArMQ6U9u9GbnUYJ90R,https://open.spotify.com/track/1BIDArMQ6U9u9GbnUYJ90R,0.0967,0.849,0.535,2.55e-06,5.0,0.192,-7.029,0,0.269,139.996,0.686,0.4999818181818182,0.88285,F
1BxfuPKGuaTgP7aM0Bbdwr,https://open.spotify.com/track/1BxfuPKGuaTgP7aM0Bbdwr,0.117,0.552,0.702,2.06e-05,9.0,0.105,-5.707,1,0.157,169.994,0.564,0.6363363636363636,0.9048833333333334,A
1DYPrEzbmlOYbeTDkCDsaA,https://open.spotify.com/track/1DYPrEzbmlOYbeTDkCDsaA,0.188,0.587,0.8210000000000001,0.0,1.0,0.178,-2.983,1,0.0462,150.064,0.392,0.5457454545454545,0.9502833333333334,C#
1E14FuM0BRaHAJSJ9YxMVu,https://open.spotify.com/track/1E14FuM0BRaHAJSJ9YxMVu,0.75,0.279,0.515,0.000114,7.0,0.188,-4.511,1,0.0305,139.694,0.173,0.4986090909090908,0.9248166666666666,G
1EWTsgQAEsUrnQ8iawhDSN,https://open.spotify.com/track/1EWTsgQAEsUrnQ8iawhDSN,0.0317,0.762,0.819,0.0,7.0,0.332,-2.307,1,0.106,161.994,0.704,0.5999727272727273,0.96155,G
1HHsrROZRpv7NN9Hy72JLq,https://open.spotify.com/track/1HHsrROZRpv7NN9Hy72JLq,0.654,0.688,0.427,2.2e-05,8.0,0.13,-8.371,1,0.169,84.859,0.586,0.2493590909090909,0.8604833333333333,G#
1IvOxLYTstsq5Z6pN3l3zm,https://open.spotify.com/track/1IvOxLYTstsq5Z6pN3l3zm,0.0675,0.604,0.79,0.0,7.0,0.314,-3.534,1,0.0294,95.036,0.87,0.2956181818181818,0.9411,G
1JedlGqkzYvVUITKsvhbPh,https://open.spotify.com/track/1JedlGqkzYvVUITKsvhbPh,0.0715,0.645,0.952,0.0,11.0,0.188,-2.486,1,0.161,124.95,0.821,0.4315909090909091,0.9585666666666668,B
1MC8JLPV4fbvVBqvGSLoDf,https://open.spotify.com/track/1MC8JLPV4fbvVBqvGSLoDf,0.018,0.65,0.806,0.0,0.0,0.0889,-3.546,0,0.0333,115.98600000000002,0.755,0.3908454545454546,0.9409,C
1OFgEELgwfTOt3WcBuOPxk,https://open.spotify.com/track/1OFgEELgwfTOt3WcBuOPxk,0.113,0.787,0.679,0.0,10.0,0.324,-7.031,0,0.215,120.153,0.425,0.4097863636363636,0.8828166666666667,A#
1OG1NoKpZZLrMqMYCk9m84,https://open.spotify.com/track/1OG1NoKpZZLrMqMYCk9m84,0.0647,0.705,0.849,0.0,0.0,0.653,-2.595,1,0.0493,125.976,0.609,0.4362545454545454,0.95675,C
1OhIn0L6iofnk5bjalWfHq,https://open.spotify.com/track/1OhIn0L6iofnk5bjalWfHq,0.587,0.469,0.506,0.0,0.0,0.102,-6.283,1,0.0290999999999999,133.403,0.217,0.4700136363636363,0.8952833333333333,C
1PH2MDbcBAU094DlgTIND1,https://open.spotify.com/track/1PH2MDbcBAU094DlgTIND1,0.254,0.657,0.553,0.0,10.0,0.129,-7.08,0,0.0394,134.925,0.576,0.4769318181818182,0.882,A#
1Px44tw80Q4rcCl8FxDGOi,https://open.spotify.com/track/1Px44tw80Q4rcCl8FxDGOi,0.00279,0.7609999999999999,0.588,0.664,1.0,0.131,-5.989,1,0.0477,116.016,0.762,0.3909818181818182,0.9001833333333333,C#
1QLZKzC2pjP4ySf4ALrNhm,https://open.spotify.com/track/1QLZKzC2pjP4ySf4ALrNhm,0.424,0.654,0.596,0.0,1.0,0.11,-4.68,1,0.0458,118.07800000000002,0.3819999999999999,0.4003545454545455,0.922,C#
1QoyuMHNBe7lg3YW4Qtll4,https://open.spotify.com/track/1QoyuMHNBe7lg3YW4Qtll4,0.357,0.576,0.884,0.0,0.0,0.368,-5.058,1,0.555,150.45,0.373,0.5475,0.9157,C
1Qrg8KqiBpW07V7PNxwwwL,https://open.spotify.com/track/1Qrg8KqiBpW07V7PNxwwwL,0.0521,0.644,0.735,0.144,8.0,0.161,-5.747,1,0.0391,88.98,0.418,0.2680909090909091,0.9042166666666668,G#
1RF5Sh64ddycjZJ5WGLWZr,https://open.spotify.com/track/1RF5Sh64ddycjZJ5WGLWZr,0.74,0.716,0.466,0.000168,1.0,0.104,-5.748,0,0.17,176.005,0.439,0.6636590909090909,0.9042,C#
1Rweq7vNjK4kZBbGrmxQsl,https://open.spotify.com/track/1Rweq7vNjK4kZBbGrmxQsl,0.204,0.606,0.645,0.0,2.0,0.14,-4.835,0,0.0333,110.016,0.453,0.3637090909090909,0.9194166666666668,D
1SS0WlKhJewviwEDZ6dWj0,https://open.spotify.com/track/1SS0WlKhJewviwEDZ6dWj0,0.151,0.875,0.7819999999999999,0.0,5.0,0.113,-3.905,0,0.078,108.038,0.906,0.3547181818181818,0.9349166666666666,F
1T6xi2QrnmwaebXGvWAjLg,https://open.spotify.com/track/1T6xi2QrnmwaebXGvWAjLg,0.0141999999999999,0.668,0.851,0.0,9.0,0.114,-5.022,1,0.0452,127.035,0.503,0.4410681818181818,0.9163,A
1TCkgf6YdQa9jzhWziWbjf,https://open.spotify.com/track/1TCkgf6YdQa9jzhWziWbjf,0.121,0.561,0.8850000000000001,0.0,9.0,0.2,-3.838,0,0.0541,116.965,0.725,0.3952954545454545,0.9360333333333332,A
1UHkDovEFqHzHCPyNe0BTy,https://open.spotify.com/track/1UHkDovEFqHzHCPyNe0BTy,0.658,0.367,0.263,3.8e-05,3.0,0.269,-11.413000000000002,1,0.0309,130.674,0.247,0.4576090909090909,0.8097833333333333,D#
1Uxr0oBXAZRuLkAz27TkLc,https://open.spotify.com/track/1Uxr0oBXAZRuLkAz27TkLc,0.0378,0.57,0.665,0.0,1.0,0.0798,-2.89,1,0.0399,153.07,0.213,0.5594090909090909,0.9518333333333332,C#
1XvOEvWtfa879Wk1wKHZ1M,https://open.spotify.com/track/1XvOEvWtfa879Wk1wKHZ1M,0.136,0.668,0.819,0.0,6.0,0.113,-3.6680000000000006,0,0.0486,103.967,0.4909999999999999,0.3362136363636364,0.9388666666666666,F#
1Y5D7m2QtyBdvwvY3gAVNQ,https://open.spotify.com/track/1Y5D7m2QtyBdvwvY3gAVNQ,0.227,0.533,0.742,0.0,10.0,0.164,-3.848,1,0.0482,92.206,0.42,0.2827545454545455,0.9358666666666668,A#
1YXot2MLAG9sttepCtBRM7,https://open.spotify.com/track/1YXot2MLAG9sttepCtBRM7,0.826,0.712,0.517,0.8,7.0,0.0949,-10.157,1,0.0533,157.038,0.686,0.5774454545454546,0.8307166666666668,G
1YdtGoSYDvVQKoUqSDXX41,https://open.spotify.com/track/1YdtGoSYDvVQKoUqSDXX41,0.523,0.38,0.784,0.000139,1.0,0.494,-6.004,1,0.299,82.318,0.418,0.2378090909090909,0.8999333333333334,C#
1YmY0HUm05BUpcHibc1bhB,https://open.spotify.com/track/1YmY0HUm05BUpcHibc1bhB,0.159,0.548,0.577,0.0,4.0,0.0642,-4.877,1,0.0284,80.036,0.348,0.2274363636363636,0.9187166666666666,E
1Z3sBD8yUSLUVt16mMdaVj,https://open.spotify.com/track/1Z3sBD8yUSLUVt16mMdaVj,0.00526,0.7479999999999999,0.668,7.37e-06,9.0,0.278,-5.767,1,0.0531,111.919,0.539,0.3723590909090909,0.9038833333333331,A
1aKvZDoLGkNMxoRYgkckZG,https://open.spotify.com/track/1aKvZDoLGkNMxoRYgkckZG,0.257,0.797,0.668,0.0,6.0,0.0876,-5.819,1,0.0687,131.067,0.69,0.4593954545454545,0.9030166666666666,F#
1aRyIsgzfUdSGAGz8zgFR2,https://open.spotify.com/track/1aRyIsgzfUdSGAGz8zgFR2,0.0588,0.631,0.671,7.8e-06,5.0,0.161,-5.024,0,0.0499,92.04,0.618,0.282,0.9162666666666668,F
1agDCV4zQqaFwJQNsTgmL1,https://open.spotify.com/track/1agDCV4zQqaFwJQNsTgmL1,0.0366,0.79,0.915,0.0,4.0,0.0785,-2.251,1,0.146,97.47,0.726,0.3066818181818181,0.9624833333333334,E
1ajXUIVrPdWBeskIrHrYUt,https://open.spotify.com/track/1ajXUIVrPdWBeskIrHrYUt,0.0545,0.735,0.636,0.0,0.0,0.0492,-4.517,0,0.0438,91.968,0.727,0.2816727272727273,0.9247166666666666,C
1amaLBTe7l6zyWrWoq2Acy,https://open.spotify.com/track/1amaLBTe7l6zyWrWoq2Acy,0.00162,0.701,0.855,0.149,1.0,0.151,-5.629,1,0.0351,126.038,0.604,0.4365363636363636,0.9061833333333332,C#
1bPMPSOQPIinoU6ZBDWtgb,https://open.spotify.com/track/1bPMPSOQPIinoU6ZBDWtgb,0.256,0.697,0.808,0.0,5.0,0.278,-5.594,1,0.165,149.975,0.644,0.545340909090909,0.9067666666666666,F
1c6kkrWnpy68eYDfBdxNtF,https://open.spotify.com/track/1c6kkrWnpy68eYDfBdxNtF,0.115,0.716,0.767,0.0,5.0,0.0643,-4.188,1,0.0851,107.007,0.43,0.3500318181818182,0.9302,F
1dS4l6xmdgEhCZTAhdOm4N,https://open.spotify.com/track/1dS4l6xmdgEhCZTAhdOm4N,0.443,0.422,0.578,0.0,8.0,0.231,-7.524,1,0.0548,128.921,0.227,0.449640909090909,0.8745999999999999,G#
1dfAQuOg86yN3iOuvJP8jd,https://open.spotify.com/track/1dfAQuOg86yN3iOuvJP8jd,0.541,0.651,0.671,0.0225,7.0,0.646,-9.886,1,0.0798,84.997,0.707,0.2499863636363636,0.8352333333333334,G
1fP8o0lIaSIE5jEeblT8df,https://open.spotify.com/track/1fP8o0lIaSIE5jEeblT8df,0.0956,0.713,0.8989999999999999,0.0,7.0,0.3869999999999999,-3.386,1,0.0584,120.027,0.611,0.4092136363636364,0.9435666666666668,G
1k255f17DRuRbGrfz5Ifmd,https://open.spotify.com/track/1k255f17DRuRbGrfz5Ifmd,0.78,0.642,0.434,3.01e-06,8.0,0.109,-9.178,1,0.0558,104.846,0.4839999999999999,0.3402090909090909,0.8470333333333334,G#
1k68vKHNQXU5CHqcM7Yp7N,https://open.spotify.com/track/1k68vKHNQXU5CHqcM7Yp7N,0.000873,0.535,0.963,0.0,9.0,0.137,-3.363,1,0.0798,80.002,0.614,0.2272818181818181,0.94395,A
1kUyOJb3fzUo8r0OCz5SQk,https://open.spotify.com/track/1kUyOJb3fzUo8r0OCz5SQk,0.00434,0.894,0.725,1.1499999999999998e-05,10.0,0.0815,-4.984,0,0.0432,116.988,0.8369999999999999,0.3954,0.9169333333333332,A#
1kbEbBdEgQdQeLXCJh28pJ,https://open.spotify.com/track/1kbEbBdEgQdQeLXCJh28pJ,0.56,0.541,0.366,1e-06,11.0,0.0946,-10.412,1,0.0748,159.707,0.168,0.5895772727272727,0.8264666666666667,B
1kuGVB7EU95pJObxwvfwKS,https://open.spotify.com/track/1kuGVB7EU95pJObxwvfwKS,0.154,0.484,0.53,0.0,5.0,0.263,-5.821,1,0.0538,136.848,0.323,0.4856727272727273,0.9029833333333334,F
1lTBkwEm0wim9RsMXqtqWy,https://open.spotify.com/track/1lTBkwEm0wim9RsMXqtqWy,0.0355,0.658,0.86,0.0,7.0,0.0664,-3.183,1,0.0787,147.955,0.737,0.536159090909091,0.94695,G
1lcBt7LoEikqYmhUoa2cez,https://open.spotify.com/track/1lcBt7LoEikqYmhUoa2cez,0.288,0.288,0.377,0.0,7.0,0.101,-7.775,1,0.0317,175.43,0.135,0.6610454545454546,0.8704166666666667,G
1nS7nL6Kyh8p0DOglJTdfD,https://open.spotify.com/track/1nS7nL6Kyh8p0DOglJTdfD,0.758,0.441,0.455,8.97e-05,2.0,0.233,-6.608,1,0.0283,84.534,0.265,0.2478818181818182,0.8898666666666667,D
1nWB8isqs2tviWk20G5pow,https://open.spotify.com/track/1nWB8isqs2tviWk20G5pow,0.00338,0.541,0.779,0.0,6.0,0.177,-5.581,0,0.033,94.069,0.501,0.2912227272727273,0.9069833333333333,F#
1njlnn8ZKHI77Pe9szIONR,https://open.spotify.com/track/1njlnn8ZKHI77Pe9szIONR,0.1129999999999999,0.774,0.7280000000000001,0.0,2.0,0.0473,-5.079,1,0.169,140.041,0.461,0.5001863636363636,0.91535,D
1oNaDXXu9I4UCJ8Fh0Hfjg,https://open.spotify.com/track/1oNaDXXu9I4UCJ8Fh0Hfjg,0.188,0.831,0.692,0.0,1.0,0.079,-5.869,1,0.0873,107.009,0.629,0.350040909090909,0.9021833333333332,C#
1qRfAvzRIJQodWKBNFAb6C,https://open.spotify.com/track/1qRfAvzRIJQodWKBNFAb6C,0.0317,0.768,0.818,1.35e-06,11.0,0.0908,-4.057,0,0.328,98.015,0.769,0.3091590909090909,0.9323833333333332,B
1qosh64U6CR5ki1g1Rf2dZ,https://open.spotify.com/track/1qosh64U6CR5ki1g1Rf2dZ,0.453,0.914,0.532,4.57e-06,5.0,0.169,-6.599999999999999,0,0.0734,100.029,0.706,0.3183136363636363,0.89,F
1t4a4bAObtfBiiNo0a0vle,https://open.spotify.com/track/1t4a4bAObtfBiiNo0a0vle,0.149,0.767,0.788,0.0,7.0,0.189,-4.06,0,0.0426,127.983,0.47,0.4453772727272727,0.9323333333333332,G
1vYXt7VSjH9JIM5oRRo7vA,https://open.spotify.com/track/1vYXt7VSjH9JIM5oRRo7vA,0.0207,0.671,0.845,0.0,11.0,0.329,-4.93,0,0.048,110.056,0.775,0.3638909090909091,0.9178333333333334,B
1vvcEHQdaUTvWt0EIUYcFK,https://open.spotify.com/track/1vvcEHQdaUTvWt0EIUYcFK,0.129,0.715,0.681,0.0,10.0,0.152,-4.25,0,0.1129999999999999,84.924,0.277,0.2496545454545455,0.9291666666666668,A#
1wUnuiXMMvhudmzvcCtlZP,https://open.spotify.com/track/1wUnuiXMMvhudmzvcCtlZP,0.634,0.525,0.526,0.127,5.0,0.103,-7.029999999999999,1,0.0534,85.274,0.562,0.2512454545454545,0.8828333333333334,F
1x1oCGsFUDViOvcISuoKW0,https://open.spotify.com/track/1x1oCGsFUDViOvcISuoKW0,0.207,0.686,0.88,1.83e-06,10.0,0.079,-3.458,1,0.0378,136.992,0.802,0.4863272727272726,0.9423666666666668,A#
1xsmVbbkSdzKcPAS1NQ662,https://open.spotify.com/track/1xsmVbbkSdzKcPAS1NQ662,0.416,0.818,0.463,0.0,0.0,0.107,-8.572,1,0.0433,103.977,0.382,0.3362590909090909,0.8571333333333333,C
1ySWoGgrduSzvtJ3PUzO41,https://open.spotify.com/track/1ySWoGgrduSzvtJ3PUzO41,0.0347,0.638,0.862,0.000101,5.0,0.258,-4.712,0,0.0361,119.986,0.596,0.4090272727272727,0.9214666666666668,F
1zAYWqTX6qyRCKe9KuCUx0,https://open.spotify.com/track/1zAYWqTX6qyRCKe9KuCUx0,0.194,0.761,0.754,0.0,4.0,0.0486,-5.095,1,0.0375,125.015,0.9280000000000002,0.4318863636363636,0.9150833333333334,E
1zJUr9Oo5zEjvJrdlg67jQ,https://open.spotify.com/track/1zJUr9Oo5zEjvJrdlg67jQ,0.0236,0.703,0.8720000000000001,0.0,0.0,0.35,-4.62,1,0.0814,130.95,0.598,0.4588636363636363,0.923,C
2022n4pxaEaDC2YvzVl1w7,https://open.spotify.com/track/2022n4pxaEaDC2YvzVl1w7,0.0334,0.723,0.811,0.0,6.0,0.361,-4.039,0,0.0983,121.01,0.326,0.4136818181818182,0.9326833333333332,F#
20tMQD6mORg6ZTiLmUSZly,unknown_href,0.2104207550200803,0.6701184738955822,0.6932630522088353,0.0265373838554216,5.381526104417671,0.1754937751004016,-5.384678714859438,0,0.0884104417670682,120.96731526104418,0.5458128514056225,0.4134877966411099,0.9102553547523426,C
20uUaRkfRJZG15mXfn7LaU,https://open.spotify.com/track/20uUaRkfRJZG15mXfn7LaU,0.422,0.569,0.645,0.0,5.0,0.104,-5.938,0,0.18,76.25,0.241,0.2102272727272727,0.9010333333333332,F
21IVUjbu1ms4ZISGt74NCy,https://open.spotify.com/track/21IVUjbu1ms4ZISGt74NCy,0.609,0.9200000000000002,0.316,0.0005,1.0,0.0835,-8.019,1,0.0623,115.989,0.507,0.3908590909090909,0.8663500000000001,C#
21LtZQQMQYwVIxc9O9Ygq8,https://open.spotify.com/track/21LtZQQMQYwVIxc9O9Ygq8,0.2359999999999999,0.714,0.821,0.0,4.0,0.164,-3.835,1,0.065,142.97,0.303,0.5135,0.9360833333333332,E
21ewxM3YvcdTj7cC0XwznO,https://open.spotify.com/track/21ewxM3YvcdTj7cC0XwznO,0.0316,0.599,0.822,0.0,1.0,0.319,-5.031,1,0.0512,124.907,0.6640000000000001,0.4313954545454545,0.91615,C#
21jGcNKet2qwijlDFuPiPb,https://open.spotify.com/track/21jGcNKet2qwijlDFuPiPb,0.189,0.695,0.763,0.00242,0.0,0.0863,-3.497,1,0.0396,120.042,0.551,0.4092818181818182,0.9417166666666666,C
264EQ3efdfDChq4PjuywR7,https://open.spotify.com/track/264EQ3efdfDChq4PjuywR7,0.043,0.662,0.572,0.0,10.0,0.33,-7.98,1,0.0763,145.956,0.315,0.5270727272727272,0.8669999999999999,A#
26Iv7VGUF1lqU10rxQXFL8,https://open.spotify.com/track/26Iv7VGUF1lqU10rxQXFL8,0.208,0.7009999999999998,0.732,0.0,4.0,0.158,-4.773,0,0.126,158.075,0.739,0.5821590909090909,0.92045,E
27LqJ29VMqwKQQC2CE9FHr,https://open.spotify.com/track/27LqJ29VMqwKQQC2CE9FHr,0.0259,0.782,0.724,1.01e-06,7.0,0.191,-4.093,1,0.0428,99.087,0.668,0.3140318181818182,0.9317833333333332,G
28drn6tQo95MRvO0jQEo5C,https://open.spotify.com/track/28drn6tQo95MRvO0jQEo5C,0.0215,0.64,0.552,0.0,2.0,0.119,-5.679,1,0.129,144.941,0.112,0.5224590909090909,0.90535,D
2AIdJeRi6mlNXhJRdqlm0A,https://open.spotify.com/track/2AIdJeRi6mlNXhJRdqlm0A,0.0262,0.846,0.65,0.00145,1.0,0.0636,-5.215,1,0.108,150.031,0.444,0.5455954545454546,0.9130833333333332,C#
2D1xAiDD33nqcxtSMH30hO,https://open.spotify.com/track/2D1xAiDD33nqcxtSMH30hO,0.677,0.663,0.636,0.0,11.0,0.147,-3.698,1,0.0269,101.983,0.913,0.3271954545454545,0.9383666666666668,B
2D9mO7arRSeHAEHNVAacaA,https://open.spotify.com/track/2D9mO7arRSeHAEHNVAacaA,0.0479,0.8459999999999999,0.9,0.8390000000000001,8.0,0.0651,-6.179,0,0.0857,125.04099999999998,0.565,0.4320045454545453,0.8970166666666667,G#
2DXavoWAmIHlrECHPM1Vca,https://open.spotify.com/track/2DXavoWAmIHlrECHPM1Vca,0.166,0.818,0.707,0.0,5.0,0.161,-5.178,0,0.108,133.059,0.589,0.46845,0.9137,F
2DbDefRFJ5YOfXCKOeCJJh,https://open.spotify.com/track/2DbDefRFJ5YOfXCKOeCJJh,0.168,0.916,0.609,0.0,11.0,0.0906,-4.457,0,0.217,139.912,0.873,0.4996,0.9257166666666666,B
2E2p6VOMfshuvw15de3C1f,https://open.spotify.com/track/2E2p6VOMfshuvw15de3C1f,0.526,0.518,0.742,0.0,3.0,0.168,-6.132,0,0.283,147.697,0.793,0.5349863636363636,0.8978,D#
2EbseeW2cr5zK3J8VuYntw,https://open.spotify.com/track/2EbseeW2cr5zK3J8VuYntw,0.364,0.696,0.517,0.0,2.0,0.197,-8.379,0,0.0366,112.291,0.23,0.37405,0.8603500000000001,D
2EjXfH91m7f8HiJN1yQg97,https://open.spotify.com/track/2EjXfH91m7f8HiJN1yQg97,0.617,0.598,0.47,0.0,8.0,0.505,-8.744,1,0.0496,67.086,0.879,0.1685727272727272,0.8542666666666666,G#
2EpIKv03Cc0Irmw0atbkl6,unknown_href,0.2104207550200803,0.6701184738955822,0.6932630522088353,0.0265373838554216,5.381526104417671,0.1754937751004016,-5.384678714859438,0,0.0884104417670682,120.96731526104418,0.5458128514056225,0.4134877966411099,0.9102553547523426,C
2GquhrcHbl2zOnF5javAFp,https://open.spotify.com/track/2GquhrcHbl2zOnF5javAFp,0.325,0.709,0.628,0.0,3.0,0.246,-4.629,0,0.0263,90.038,0.59,0.2729,0.92285,D#
2GxrNKugF82CnoRFbQfzPf,https://open.spotify.com/track/2GxrNKugF82CnoRFbQfzPf,0.000938,0.599,0.946,0.0106,11.0,0.0826,-4.263,1,0.0447,151.647,0.747,0.5529409090909091,0.92895,B
2HRgqmZQC0MC7GeNuDIXHN,https://open.spotify.com/track/2HRgqmZQC0MC7GeNuDIXHN,0.312,0.79,0.831,0.0,11.0,0.0797,-4.185,1,0.044,124.987,0.872,0.4317590909090908,0.93025,B
2IGMVunIBsBLtEQyoI1Mu7,unknown_href,0.2104207550200803,0.6701184738955822,0.6932630522088353,0.0265373838554216,5.381526104417671,0.1754937751004016,-5.384678714859438,0,0.0884104417670682,120.96731526104418,0.5458128514056225,0.4134877966411099,0.9102553547523426,C
2KNEK9rGKQKKNE6FTt8PvQ,https://open.spotify.com/track/2KNEK9rGKQKKNE6FTt8PvQ,0.74,0.49,0.4889999999999999,0.0,5.0,0.169,-5.091,1,0.0271,135.868,0.218,0.4812181818181818,0.91515,F
2Kf6WQmc6TU4bYIu3Szsz2,https://open.spotify.com/track/2Kf6WQmc6TU4bYIu3Szsz2,0.13,0.796,0.773,0.0,7.0,0.334,-4.328,1,0.132,99.979,0.7,0.3180863636363636,0.9278666666666666,G
2KslE17cAJNHTsI2MI0jb2,https://open.spotify.com/track/2KslE17cAJNHTsI2MI0jb2,0.0447,0.7110000000000001,0.809,0.0,2.0,0.339,-4.389,0,0.0955,106.017,0.816,0.3455318181818181,0.92685,D
2LK7nYspMBl6cpgDfWAb5v,https://open.spotify.com/track/2LK7nYspMBl6cpgDfWAb5v,0.0466,0.594,0.92,0.0,5.0,0.047,-3.7,1,0.1969999999999999,165.034,0.521,0.613790909090909,0.9383333333333332,F
2McT2fkH0VDqPsbiB9HWPq,https://open.spotify.com/track/2McT2fkH0VDqPsbiB9HWPq,0.195,0.603,0.82,0.0,1.0,0.338,-5.773,1,0.136,148.191,0.304,0.5372318181818182,0.9037833333333334,C#
2N0SPREDYqILVEFSsWF5N5,https://open.spotify.com/track/2N0SPREDYqILVEFSsWF5N5,0.183,0.633,0.607,1.38e-06,0.0,0.167,-6.182,0,0.0532,74.029,0.363,0.2001318181818181,0.8969666666666666,C
2O4Bb2WCkjlTPO827OnBMI,https://open.spotify.com/track/2O4Bb2WCkjlTPO827OnBMI,0.189,0.744,0.7,2.74e-06,0.0,0.1139999999999999,-5.154,1,0.0507,165.004,0.602,0.6136545454545455,0.9141,C
2OzhQlSqBEmt7hmkYxfT6m,https://open.spotify.com/track/2OzhQlSqBEmt7hmkYxfT6m,0.502,0.504,0.3859999999999999,1.53e-05,11.0,0.0960999999999999,-10.976,1,0.0308,192.004,0.281,0.7363818181818181,0.8170666666666667,B
2PlsVMcOn6ujc2UEYs2Yat,https://open.spotify.com/track/2PlsVMcOn6ujc2UEYs2Yat,0.00921,0.586,0.816,1.08e-06,6.0,0.081,-4.513,1,0.0456,128.021,0.407,0.4455499999999999,0.9247833333333334,F#
2QS8VmtgJ40DBQbOfK4W9U,https://open.spotify.com/track/2QS8VmtgJ40DBQbOfK4W9U,0.146,0.8469999999999999,0.571,0.0,7.0,0.146,-7.754,0,0.0713,117.085,0.794,0.3958409090909091,0.8707666666666667,G
2RLdkXSaiQjRbey5pvP8Kt,https://open.spotify.com/track/2RLdkXSaiQjRbey5pvP8Kt,0.748,0.401,0.394,0.0,1.0,0.0993,-6.655,1,0.0324,129.74,0.327,0.4533636363636364,0.8890833333333333,C#
2RUcwyW74Sv4VracHFrKdh,https://open.spotify.com/track/2RUcwyW74Sv4VracHFrKdh,0.83,0.692,0.534,5.57e-06,2.0,0.238,-7.155,1,0.0433,88.964,0.739,0.2680181818181818,0.88075,D
2RoYgkPzUY0vY7lhUuyus1,https://open.spotify.com/track/2RoYgkPzUY0vY7lhUuyus1,0.0843,0.6450000000000001,0.83,0.0,5.0,0.0605,-1.92,0,0.138,179.977,0.725,0.6817136363636364,0.968,F
2SR0alFA2oWYXSoePGTj0V,https://open.spotify.com/track/2SR0alFA2oWYXSoePGTj0V,0.0351,0.538,0.738,0.0,10.0,0.0898,-2.412,1,0.0445,148.887,0.736,0.5403954545454546,0.9598,A#
2UE9XGbAzicJIyo4bB6sqM,https://open.spotify.com/track/2UE9XGbAzicJIyo4bB6sqM,0.0819,0.679,0.842,1.2e-06,4.0,0.148,-4.113,0,0.189,151.984,0.589,0.5544727272727273,0.93145,E
2UU11hvjN1JIn4iihEodNT,https://open.spotify.com/track/2UU11hvjN1JIn4iihEodNT,0.68,0.735,0.442,0.0011,2.0,0.0992,-9.529,0,0.0719,128.013,0.277,0.4455136363636364,0.8411833333333334,D
2VNpT9fRk1kyksT0S4coZR,https://open.spotify.com/track/2VNpT9fRk1kyksT0S4coZR,0.00542,0.636,0.674,0.0,7.0,0.145,-6.623,0,0.0444,82.985,0.814,0.240840909090909,0.8896166666666667,G
2VV1RIhTgeJ4PEMYz6TqDB,https://open.spotify.com/track/2VV1RIhTgeJ4PEMYz6TqDB,0.118,0.781,0.8,1.31e-06,2.0,0.0347,-3.002,1,0.113,91.969,0.687,0.2816772727272727,0.9499666666666666,D
2VdSktBqFfkW7y6q5Ik4Z4,https://open.spotify.com/track/2VdSktBqFfkW7y6q5Ik4Z4,0.0072999999999999,0.745,0.747,1.69e-06,11.0,0.0738,-4.278,0,0.0815,120.073,0.363,0.4094227272727272,0.9287,B
2Xiaplc23BureS4EDeE8xa,https://open.spotify.com/track/2Xiaplc23BureS4EDeE8xa,0.184,0.73,0.592,0.0,11.0,0.289,-4.941,1,0.155,107.997,0.682,0.3545318181818181,0.91765,B
2YmfV4lAjrAQvuggKCUX6m,https://open.spotify.com/track/2YmfV4lAjrAQvuggKCUX6m,0.0426,0.84,0.673,0.0,10.0,0.0971,-3.685,1,0.0427,115.004,0.911,0.3863818181818182,0.9385833333333332,A#
2ZqTbIID9vFPTXaGyzbb4q,https://open.spotify.com/track/2ZqTbIID9vFPTXaGyzbb4q,0.0203,0.826,0.756,0.0,2.0,0.0915,-4.984,1,0.256,160.00999999999996,0.794,0.5909545454545453,0.9169333333333332,D
2cN2qkaSnO5KKAMSa5ZfIm,https://open.spotify.com/track/2cN2qkaSnO5KKAMSa5ZfIm,0.00518,0.766,0.808,5.51e-06,1.0,0.072,-4.327,0,0.1,128.005,0.819,0.4454772727272727,0.9278833333333334,C#
2cZOYofOX4d6g0OXxkaIjA,unknown_href,0.2104207550200803,0.6701184738955822,0.6932630522088353,0.0265373838554216,5.381526104417671,0.1754937751004016,-5.384678714859438,0,0.0884104417670682,120.96731526104418,0.5458128514056225,0.4134877966411099,0.9102553547523426,C
2cZtazNq0IRRFymK7UaRa0,https://open.spotify.com/track/2cZtazNq0IRRFymK7UaRa0,0.453,0.694,0.698,0.0,9.0,0.144,-3.677,0,0.0353,138.821,0.484,0.4946409090909091,0.9387166666666666,A
2ehtxaFn31gfhARCEn8QtA,https://open.spotify.com/track/2ehtxaFn31gfhARCEn8QtA,0.00393,0.576,0.843,0.0,10.0,0.0618,-3.942,1,0.0545,140.182,0.271,0.5008272727272727,0.9343,A#
2eyWFRvT7lOQmqfXI25oR1,https://open.spotify.com/track/2eyWFRvT7lOQmqfXI25oR1,0.126,0.735,0.786,0.0,5.0,0.313,-3.95,0,0.114,109.935,0.663,0.3633409090909091,0.9341666666666666,F
2fiI6e0WxyZB3QnmRxYGPg,https://open.spotify.com/track/2fiI6e0WxyZB3QnmRxYGPg,0.00726,0.435,0.749,0.0,1.0,0.273,-4.439,0,0.0722,179.788,0.4,0.6808545454545455,0.9260166666666668,C#
2gYj9lubBorOPIVWsTXugG,https://open.spotify.com/track/2gYj9lubBorOPIVWsTXugG,0.103,0.68,0.922,0.0,0.0,0.0877,-1.215,1,0.121,125.014,0.799,0.4318818181818181,0.97975,C
2gkVEnpahpE3bQuvGuCpAV,https://open.spotify.com/track/2gkVEnpahpE3bQuvGuCpAV,0.179,0.671,0.8389999999999999,0.0,1.0,0.0748,-2.645,1,0.0866,83.845,0.882,0.24475,0.9559166666666666,C#
2gyCwrOcC6JBoaJ8JGJ7T8,https://open.spotify.com/track/2gyCwrOcC6JBoaJ8JGJ7T8,0.396,0.835,0.587,4.09e-06,8.0,0.0862,-5.814,1,0.08,97.03,0.646,0.3046818181818181,0.9031,G#
2gzhQaCTeNgxpeB2TPllyY,https://open.spotify.com/track/2gzhQaCTeNgxpeB2TPllyY,0.639,0.532,0.426,0.0,3.0,0.134,-6.117000000000001,1,0.0287999999999999,149.898,0.137,0.5449909090909091,0.8980499999999999,D#
2iSkLo11WjyzRVdxeSMkCf,https://open.spotify.com/track/2iSkLo11WjyzRVdxeSMkCf,0.2,0.669,0.838,0.0,4.0,0.384,-4.159,0,0.0517,130.061,0.708,0.4548227272727273,0.9306833333333332,E
2isRbZIIU4PqPrECffn7QO,https://open.spotify.com/track/2isRbZIIU4PqPrECffn7QO,0.0458,0.651,0.851,0.0,0.0,0.199,-2.48,0,0.0508,110.005,0.618,0.3636590909090909,0.9586666666666668,C
2jidjmWNeRmKgLjXhW52Gz,https://open.spotify.com/track/2jidjmWNeRmKgLjXhW52Gz,0.629,0.381,0.405,0.0,1.0,0.4179999999999999,-7.325,1,0.0325,130.94,0.273,0.4588181818181818,0.8779166666666666,C#
2kIUILBPlz4exX9xIFS275,https://open.spotify.com/track/2kIUILBPlz4exX9xIFS275,0.019,0.757,0.915,0.0,0.0,0.201,-4.382,1,0.0678,119.986,0.439,0.4090272727272727,0.9269666666666668,C
2kTKlEtnGx5z8oi4O06yqC,https://open.spotify.com/track/2kTKlEtnGx5z8oi4O06yqC,0.188,0.722,0.943,0.0,9.0,0.306,-2.285,0,0.224,132.01,0.696,0.4636818181818181,0.9619166666666668,A
2mHw0KoEyDw8Yaw3yPoke6,https://open.spotify.com/track/2mHw0KoEyDw8Yaw3yPoke6,0.0429,0.8169999999999998,0.854,0.0,1.0,0.117,-3.28,1,0.0613,108.991,0.884,0.35905,0.9453333333333334,C#
2nRMW95dnOILirpjbksLTs,https://open.spotify.com/track/2nRMW95dnOILirpjbksLTs,0.048,0.664,0.773,1.49e-05,9.0,0.238,-4.32,1,0.0688,129.884,0.173,0.4540181818181817,0.928,A
2nW48vXnZZ5EYka46v7GOk,https://open.spotify.com/track/2nW48vXnZZ5EYka46v7GOk,0.0442,0.727,0.911,0.0,10.0,0.249,-2.447,1,0.034,104.984,0.815,0.3408363636363636,0.9592166666666666,A#
2os3F2ZKbj02ZWXWAdWGFD,https://open.spotify.com/track/2os3F2ZKbj02ZWXWAdWGFD,0.382,0.514,0.451,2.07e-06,9.0,0.206,-9.559,1,0.174,116.229,0.334,0.39195,0.8406833333333333,A
2pIUpMhHL6L9Z5lnKxJJr9,https://open.spotify.com/track/2pIUpMhHL6L9Z5lnKxJJr9,0.2359999999999999,0.811,0.648,0.0,10.0,0.0761,-3.684,0,0.0368,104.988,0.695,0.3408545454545454,0.9386,A#
2pLZ6tUBapqlngc9lnYz4M,https://open.spotify.com/track/2pLZ6tUBapqlngc9lnYz4M,0.0221,0.8650000000000001,0.785,0.0,1.0,0.286,-3.3130000000000006,1,0.0483,108.031,0.836,0.3546863636363637,0.9447833333333332,C#
2plbrEY59IikOBgBGLjaoe,https://open.spotify.com/track/2plbrEY59IikOBgBGLjaoe,0.308,0.521,0.592,0.0,6.0,0.1219999999999999,-7.777000000000001,0,0.0304,157.969,0.535,0.5816772727272727,0.8703833333333333,F#
2qSkIjg1o9h3YT9RAgYN75,https://open.spotify.com/track/2qSkIjg1o9h3YT9RAgYN75,0.107,0.701,0.7599999999999999,6.54e-05,0.0,0.185,-5.478,1,0.0285,103.969,0.69,0.3362227272727272,0.9087,C
2qg2jy3v50RwfV5FAqG3a2,https://open.spotify.com/track/2qg2jy3v50RwfV5FAqG3a2,0.789,0.284,0.495,0.835,0.0,0.0946,-11.74,1,0.0421,86.314,0.26,0.2559727272727272,0.8043333333333333,C
2sZEjTi51vnlwpmIAKdwgX,https://open.spotify.com/track/2sZEjTi51vnlwpmIAKdwgX,0.0584,0.789,0.567,0.0,1.0,0.0524,-5.656,1,0.0428,89.024,0.695,0.2682909090909091,0.9057333333333334,C#
2tA3NP12r4niSRhb9Y6AoY,https://open.spotify.com/track/2tA3NP12r4niSRhb9Y6AoY,0.561,0.698,0.741,0.0,0.0,0.117,-3.941,1,0.0293,102.992,0.513,0.3317818181818182,0.9343166666666666,C
2tHwzyyOLoWSFqYNjeVMzj,https://open.spotify.com/track/2tHwzyyOLoWSFqYNjeVMzj,0.257,0.675,0.586,0.0,9.0,0.104,-6.086,1,0.0531,107.015,0.6209999999999999,0.3500681818181818,0.8985666666666667,A
2tudvzsrR56uom6smgOcSf,https://open.spotify.com/track/2tudvzsrR56uom6smgOcSf,0.00709,0.814,0.676,1.28e-05,11.0,0.119,-4.67,0,0.231,162.012,0.312,0.6000545454545455,0.9221666666666668,B
2uFaJJtFpPDc5Pa95XzTvg,https://open.spotify.com/track/2uFaJJtFpPDc5Pa95XzTvg,0.912,0.451,0.241,2.66e-06,1.0,0.1749999999999999,-14.014,1,0.0352,134.009,0.698,0.4727681818181817,0.7664333333333334,C#
2xoA126GEgFhrYzRaTH7E4,https://open.spotify.com/track/2xoA126GEgFhrYzRaTH7E4,0.0243,0.503,0.951,0.0102,7.0,0.203,-3.493,0,0.0825,126.038,0.0918,0.4365363636363636,0.9417833333333332,G
2y8vRHEoz15sYDmxyrDePO,https://open.spotify.com/track/2y8vRHEoz15sYDmxyrDePO,0.0991,0.7889999999999999,0.8319999999999999,0.0,11.0,0.351,-3.248,0,0.111,118.039,0.884,0.4001772727272727,0.9458666666666669,B
326PEjfqveu646UhjHrth9,https://open.spotify.com/track/326PEjfqveu646UhjHrth9,0.0264999999999999,0.8969999999999999,0.825,0.0026,11.0,0.342,-5.002,0,0.109,123.986,0.624,0.4272090909090909,0.9166333333333332,B
33fUk4sBTnhJQnts8IGGBd,https://open.spotify.com/track/33fUk4sBTnhJQnts8IGGBd,0.0142,0.726,0.46,0.0,2.0,0.188,-9.675,1,0.0653,80.014,0.254,0.2273363636363636,0.83875,D
348NF6vX0Yh22xvH0EZEro,https://open.spotify.com/track/348NF6vX0Yh22xvH0EZEro,0.0944999999999999,0.911,0.585,0.0,7.0,0.134,-8.078,0,0.0735,117.06,0.851,0.3957272727272727,0.8653666666666666,G
34DtDWmIUacoop6Md298vE,https://open.spotify.com/track/34DtDWmIUacoop6Md298vE,0.00708,0.66,0.787,0.0,1.0,0.116,-3.85,0,0.0668,89.98,0.629,0.2726363636363637,0.9358333333333332,C#
34HSEUn4YGAFBW9OHGIkU7,https://open.spotify.com/track/34HSEUn4YGAFBW9OHGIkU7,0.389,0.7920000000000001,0.566,0.0,9.0,0.56,-6.928999999999999,1,0.252,140.099,0.922,0.50045,0.8845166666666666,A
34IGOyXR6cn0YI9VBu8m0y,https://open.spotify.com/track/34IGOyXR6cn0YI9VBu8m0y,0.377,0.767,0.435,4.14e-05,11.0,0.116,-5.732,1,0.0388,97.529,0.355,0.30695,0.9044666666666666,B
35EZ942OFUpbWWGm8TbE1D,https://open.spotify.com/track/35EZ942OFUpbWWGm8TbE1D,0.225,0.873,0.7310000000000001,0.0,0.0,0.374,-4.859,1,0.0999,114.941,0.8310000000000001,0.3860954545454546,0.9190166666666666,C
35ZccqI4iHVR0puhGc1u0U,https://open.spotify.com/track/35ZccqI4iHVR0puhGc1u0U,0.189,0.755,0.575,0.0,9.0,0.0977999999999999,-4.521,1,0.0705,114.962,0.808,0.3861909090909091,0.92465,A
365znJ27Fb3faGsctmQYWR,https://open.spotify.com/track/365znJ27Fb3faGsctmQYWR,0.765,0.314,0.363,0.0,7.0,0.189,-7.236,1,0.0289,139.695,0.243,0.4986136363636363,0.8794000000000001,G
38tXZcL1gZRfbqfOG0VMTH,https://open.spotify.com/track/38tXZcL1gZRfbqfOG0VMTH,0.0816,0.803,0.895,5.67e-06,1.0,0.154,-2.8879999999999995,1,0.0623,124.994,0.757,0.4317909090909091,0.9518666666666667,C#
39gaUtq2z4ejJbno7tWHbL,https://open.spotify.com/track/39gaUtq2z4ejJbno7tWHbL,0.0517,0.546,0.963,0.0,2.0,0.186,-1.283,1,0.109,178.026,0.678,0.6728454545454546,0.9786166666666668,D
3CwhA9cmLK88kGd6VwNiuz,https://open.spotify.com/track/3CwhA9cmLK88kGd6VwNiuz,0.0033,0.594,0.547,0.0,5.0,0.0951,-7.446,1,0.0286,145.994,0.38,0.5272454545454546,0.8759,F
3DK6m7It6Pw857FcQftMds,https://open.spotify.com/track/3DK6m7It6Pw857FcQftMds,0.2189999999999999,0.374,0.568,0.00219,1.0,0.513,-3.825,0,0.109,84.733,0.111,0.2487863636363636,0.93625,C#
3F4lHPNHlvr3RpO4tpVOIs,https://open.spotify.com/track/3F4lHPNHlvr3RpO4tpVOIs,0.111,0.551,0.886,0.0,6.0,0.112,-3.843,1,0.0699,82.034,0.383,0.2365181818181818,0.93595,F#
3FR2yqZsG07NhXz7uPyUyC,https://open.spotify.com/track/3FR2yqZsG07NhXz7uPyUyC,0.0633,0.46,0.615,0.0,5.0,0.109,-3.472,0,0.0331,167.927,0.414,0.626940909090909,0.9421333333333332,F
3G7MgLuWLzUJQflWOCDZit,https://open.spotify.com/track/3G7MgLuWLzUJQflWOCDZit,0.101,0.767,0.745,0.0,10.0,0.192,-5.338,1,0.0449,107.984,0.842,0.3544727272727273,0.9110333333333334,A#
3KCNiDi9Pza6ZD8FggNoaw,https://open.spotify.com/track/3KCNiDi9Pza6ZD8FggNoaw,0.000564,0.517,0.539,1.4e-05,9.0,0.537,-6.474,0,0.038,108.984,0.531,0.3590181818181818,0.8920999999999999,A
3KkXRkHbMCARz0aVfEt68P,https://open.spotify.com/track/3KkXRkHbMCARz0aVfEt68P,0.552,0.76,0.478,0.0,2.0,0.0703,-5.574,1,0.0467,89.908,0.913,0.2723090909090909,0.9071,D
3LWVXp636uLT356Rj08Jaz,https://open.spotify.com/track/3LWVXp636uLT356Rj08Jaz,0.056,0.687,0.747,1.34e-06,1.0,0.11,-5.496,0,0.0883,66.495,0.56,0.1658863636363636,0.9084,C#
3Me33RhzAgPcS97lkhIT1u,https://open.spotify.com/track/3Me33RhzAgPcS97lkhIT1u,0.302,0.79,0.497,8.75e-06,11.0,0.107,-7.77,0,0.0278999999999999,99.982,0.661,0.3181,0.8705,B
3Nhp8faDyxiX68dxkwRhAi,unknown_href,0.2104207550200803,0.6701184738955822,0.6932630522088353,0.0265373838554216,5.381526104417671,0.1754937751004016,-5.384678714859438,0,0.0884104417670682,120.96731526104418,0.5458128514056225,0.4134877966411099,0.9102553547523426,C
3OdIiWnYRHPYtC313Z0Bwy,https://open.spotify.com/track/3OdIiWnYRHPYtC313Z0Bwy,0.178,0.689,0.539,1.45e-05,2.0,0.106,-7.671,0,0.048,119.949,0.239,0.4088590909090909,0.87215,D
3OhW68CiyfCoeGntozuUMl,https://open.spotify.com/track/3OhW68CiyfCoeGntozuUMl,0.00406,0.809,0.873,0.0,2.0,0.0723,-2.984,1,0.0877,80.01,0.442,0.2273181818181818,0.9502666666666666,D
3RaCGXCiiMufRPoexXxGkV,https://open.spotify.com/track/3RaCGXCiiMufRPoexXxGkV,0.508,0.483,0.408,0.0,5.0,0.259,-9.243,0,0.0502,88.88,0.105,0.2676363636363636,0.84595,F
3RkSwrsIadAvqVtMp5yhaB,https://open.spotify.com/track/3RkSwrsIadAvqVtMp5yhaB,0.112,0.662,0.761,0.0,8.0,0.21,-6.885,1,0.0532,96.95,0.471,0.3043181818181818,0.88525,G#
3RwWW7KeVhHGayYJgUL5eZ,https://open.spotify.com/track/3RwWW7KeVhHGayYJgUL5eZ,0.533,0.654,0.503,0.0,9.0,0.101,-7.065,1,0.0982,160.011,0.347,0.5909590909090909,0.8822500000000001,A
3TQHPUEVdvdq8ejwEcHUlL,https://open.spotify.com/track/3TQHPUEVdvdq8ejwEcHUlL,0.332,0.54,0.353,0.0,9.0,0.145,-5.223999999999999,1,0.0258,137.859,0.137,0.4902681818181819,0.9129333333333334,A
3Ua0m0YmEjrMi9XErKcNiR,https://open.spotify.com/track/3Ua0m0YmEjrMi9XErKcNiR,0.0025,0.629,0.733,0.0,7.0,0.357,-5.445,1,0.0419,120.00100000000002,0.362,0.4090954545454546,0.90925,G
3W2kGv8CcwRl2MWQN5vxKL,https://open.spotify.com/track/3W2kGv8CcwRl2MWQN5vxKL,0.0824,0.656,0.695,0.0,8.0,0.38,-5.295,0,0.103,152.859,0.589,0.55845,0.91175,G#
3Wno87vVBVbSVS2vUUFuKC,https://open.spotify.com/track/3Wno87vVBVbSVS2vUUFuKC,0.491,0.459,0.339,6.05e-06,3.0,0.0892,-7.961,1,0.0251,92.097,0.146,0.2822590909090909,0.8673166666666667,D#
3YDuuc8zxwDHVNCeLHRKms,https://open.spotify.com/track/3YDuuc8zxwDHVNCeLHRKms,0.358,0.765,0.842,0.0,0.0,0.114,-6.853,0,0.132,156.022,0.925,0.5728272727272727,0.8857833333333333,C
3Zice5cXhiPVLwrdBJlyHc,https://open.spotify.com/track/3Zice5cXhiPVLwrdBJlyHc,0.0344,0.4909999999999999,0.8249999999999998,0.0,7.0,0.113,-2.934,1,0.237,87.955,0.53,0.2634318181818181,0.9511,G
3ZpfXyQgcqdSA1TGNc7Ret,https://open.spotify.com/track/3ZpfXyQgcqdSA1TGNc7Ret,0.162,0.771,0.88,1.41e-06,8.0,0.167,-4.091,1,0.0857,137.018,0.347,0.4864454545454545,0.9318166666666666,G#
3aAnwyBJY9OLNLqSgd4fZU,unknown_href,0.2104207550200803,0.6701184738955822,0.6932630522088353,0.0265373838554216,5.381526104417671,0.1754937751004016,-5.384678714859438,0,0.0884104417670682,120.96731526104418,0.5458128514056225,0.4134877966411099,0.9102553547523426,C
3aKXtIPNRoD73KLpsNnNoK,https://open.spotify.com/track/3aKXtIPNRoD73KLpsNnNoK,0.0142,0.706,0.765,0.00109,6.0,0.0883,-5.608,0,0.0338,116.005,0.725,0.3909318181818181,0.9065333333333334,F#
3ajU531gR5fW71wqsw4tFX,https://open.spotify.com/track/3ajU531gR5fW71wqsw4tFX,0.147,0.79,0.692,1.04e-06,7.0,0.101,-5.302,1,0.0893,100.033,0.549,0.3183318181818181,0.9116333333333332,G
3bNNvJA7hsGw0wSpGkfOBm,https://open.spotify.com/track/3bNNvJA7hsGw0wSpGkfOBm,0.611,0.558,0.467,0.0,10.0,0.105,-6.292000000000001,1,0.0809,100.518,0.563,0.3205363636363636,0.8951333333333333,A#
3d2bsbugow8JiNvuaRupFH,https://open.spotify.com/track/3d2bsbugow8JiNvuaRupFH,0.132,0.68,0.719,0.0,1.0,0.0295,-6.078,1,0.0708,87.016,0.8,0.2591636363636364,0.8986999999999999,C#
3druZC9WrM7UUv82PX0SfA,https://open.spotify.com/track/3druZC9WrM7UUv82PX0SfA,0.717,0.481,0.59,0.0,5.0,0.0968,-5.68,1,0.079,176.791,0.0912,0.6672318181818182,0.9053333333333332,F
3eh51r6rFWAlGQRlHx9QnQ,https://open.spotify.com/track/3eh51r6rFWAlGQRlHx9QnQ,0.0153,0.598,0.696,0.0,2.0,0.219,-4.789,1,0.112,91.057,0.209,0.2775318181818182,0.9201833333333334,D
3fO6bY9AZndZu8ltaNexBz,https://open.spotify.com/track/3fO6bY9AZndZu8ltaNexBz,0.0322,0.655,0.678,0.0,7.0,0.142,-3.288,1,0.273,83.093,0.669,0.2413318181818182,0.9452,G
3fgehc497TFqKH1zBL2YNK,https://open.spotify.com/track/3fgehc497TFqKH1zBL2YNK,0.00932,0.571,0.928,0.0,4.0,0.297,-3.725,0,0.0453,127.939,0.489,0.4451772727272727,0.9379166666666666,E
3g9UquSEBErZiXSDa02YfG,https://open.spotify.com/track/3g9UquSEBErZiXSDa02YfG,0.00122,0.808,0.789,0.0,1.0,0.058,-7.266,1,0.0868,95.666,0.344,0.2984818181818182,0.8789,C#
3gTQwwDNJ42CCLo3Sf4JDd,https://open.spotify.com/track/3gTQwwDNJ42CCLo3Sf4JDd,0.0895,0.886,0.781,0.0,5.0,0.0715,-1.837,0,0.333,104.996,0.672,0.3408909090909091,0.9693833333333332,F
3gtlthEgyulDfT8dWdKsnv,https://open.spotify.com/track/3gtlthEgyulDfT8dWdKsnv,0.0138,0.757,0.898,0.0,11.0,0.0703,-1.247,0,0.0667,114.949,0.842,0.3861318181818182,0.9792166666666666,B
3hMDPchkyBHr71DaNQ6I29,https://open.spotify.com/track/3hMDPchkyBHr71DaNQ6I29,0.234,0.606,0.893,0.0,2.0,0.23,-4.398,1,0.241,91.816,0.611,0.2809818181818181,0.9267,D
3iLBFgaQJ94iarMgzrTuWb,https://open.spotify.com/track/3iLBFgaQJ94iarMgzrTuWb,0.396,0.587,0.548,0.0,8.0,0.109,-5.846,0,0.0339,186.073,0.713,0.7094227272727273,0.9025666666666666,G#
3it2BvJfyhPEWF3kD2TZJ1,unknown_href,0.2104207550200803,0.6701184738955822,0.6932630522088353,0.0265373838554216,5.381526104417671,0.1754937751004016,-5.384678714859438,0,0.0884104417670682,120.96731526104418,0.5458128514056225,0.4134877966411099,0.9102553547523426,C
3l6LBCOL9nPsSY29TUY2VE,https://open.spotify.com/track/3l6LBCOL9nPsSY29TUY2VE,0.00816,0.461,0.721,6.43e-06,9.0,0.214,-8.286,0,0.0689,126.206,0.144,0.4373,0.8619,A
3lANBlfd2yjVMJJJk1fgTu,https://open.spotify.com/track/3lANBlfd2yjVMJJJk1fgTu,0.264,0.692,0.745,0.0,7.0,0.43,-4.112,1,0.06,110.027,0.417,0.3637590909090909,0.9314666666666668,G
3lwK3WyKAI5bUuGY1OgGbZ,https://open.spotify.com/track/3lwK3WyKAI5bUuGY1OgGbZ,0.115,0.799,0.675,0.0,1.0,0.0833,-5.474,1,0.0465,113.076,0.594,0.3776181818181818,0.9087666666666666,C#
3m5PgWSClkZ44vdFmPiqpq,https://open.spotify.com/track/3m5PgWSClkZ44vdFmPiqpq,0.137,0.674,0.932,1.08e-05,2.0,0.0934,-2.921,1,0.0417,130.986,0.469,0.4590272727272727,0.9513166666666668,D
3nAp4IvdMPPWEH9uuXFFV5,https://open.spotify.com/track/3nAp4IvdMPPWEH9uuXFFV5,0.0013,0.509,0.812,1.99e-05,8.0,0.214,-5.438,1,0.0537,159.876,0.689,0.5903454545454546,0.9093666666666668,G#
3nSyllwWNp9XuLKqCWswVv,https://open.spotify.com/track/3nSyllwWNp9XuLKqCWswVv,0.00072,0.458,0.882,0.0,7.0,0.272,-4.431,1,0.0728,93.981,0.1729999999999999,0.2908227272727272,0.92615,G
3oTDi9MWC0JB39FcsLRon3,https://open.spotify.com/track/3oTDi9MWC0JB39FcsLRon3,0.125,0.687,0.845,0.0,11.0,0.172,-2.776,0,0.0951,152.035,0.718,0.5547045454545454,0.9537333333333334,B
3r8RuvgbX9s7ammBn07D3W,https://open.spotify.com/track/3r8RuvgbX9s7ammBn07D3W,0.027,0.814,0.641,0.0,6.0,0.0993,-5.957000000000001,0,0.111,133.854,0.1829999999999999,0.4720636363636364,0.9007166666666666,F#
3rUGC1vUpkDG9CZFHMur1t,https://open.spotify.com/track/3rUGC1vUpkDG9CZFHMur1t,0.261,0.749,0.729,0.0,6.0,0.113,-3.19,0,0.0321,111.004,0.816,0.3682,0.9468333333333334,F#
3t0ic4mkhvhamrKDkulB8v,https://open.spotify.com/track/3t0ic4mkhvhamrKDkulB8v,0.000374,0.555,0.729,0.000139,1.0,0.347,-5.062,1,0.0443,139.864,0.482,0.4993818181818182,0.9156333333333334,C#
3tHqq6OkppBKkzqBaxD2D4,unknown_href,0.2104207550200803,0.6701184738955822,0.6932630522088353,0.0265373838554216,5.381526104417671,0.1754937751004016,-5.384678714859438,0,0.0884104417670682,120.96731526104418,0.5458128514056225,0.4134877966411099,0.9102553547523426,C
3uzUBVCNTdVnmJMumFA4Ce,https://open.spotify.com/track/3uzUBVCNTdVnmJMumFA4Ce,0.261,0.578,0.773,0.0,7.0,0.126,-3.424,0,0.141,145.817,0.736,0.5264409090909091,0.9429333333333332,G
3vkCueOmm7xQDoJ17W1Pm3,unknown_href,0.2104207550200803,0.6701184738955822,0.6932630522088353,0.0265373838554216,5.381526104417671,0.1754937751004016,-5.384678714859438,0,0.0884104417670682,120.96731526104418,0.5458128514056225,0.4134877966411099,0.9102553547523426,C
3vnaEaDxMKdBhqA1t0uAwl,https://open.spotify.com/track/3vnaEaDxMKdBhqA1t0uAwl,0.79,0.354,0.232,0.0,5.0,0.127,-7.655999999999999,1,0.0329,171.198,0.3420000000000001,0.641809090909091,0.8724000000000001,F
3x9zIsVAQUNvU3J2tR58Di,https://open.spotify.com/track/3x9zIsVAQUNvU3J2tR58Di,0.00484,0.55,0.6930000000000001,0.0,5.0,0.0933,-5.179,0,0.0309,85.023,0.292,0.2501045454545454,0.9136833333333332,F
3xkHsmpQCBMytMJNiDf3Ii,https://open.spotify.com/track/3xkHsmpQCBMytMJNiDf3Ii,0.151,0.472,0.471,0.0,10.0,0.14,-5.692,1,0.0602999999999999,105.02899999999998,0.219,0.341040909090909,0.9051333333333332,A#
3xtPQCHJQ3o70PeVAaZSG2,https://open.spotify.com/track/3xtPQCHJQ3o70PeVAaZSG2,0.0315,0.819,0.832,0.000154,4.0,0.273,-2.817,0,0.0479,129.981,0.669,0.4544590909090908,0.95305,E
411fZBnpfU4eIDIZmDKswx,https://open.spotify.com/track/411fZBnpfU4eIDIZmDKswx,0.342,0.8,0.885,0.00677,8.0,0.0725,-3.178,1,0.117,153.99,0.853,0.5635909090909091,0.9470333333333334,G#
41JPN7pZMTp1sumBOHOzHd,unknown_href,0.2104207550200803,0.6701184738955822,0.6932630522088353,0.0265373838554216,5.381526104417671,0.1754937751004016,-5.384678714859438,0,0.0884104417670682,120.96731526104418,0.5458128514056225,0.4134877966411099,0.9102553547523426,C
41Kf9FQ2Dxj81cjQpEWDUJ,https://open.spotify.com/track/41Kf9FQ2Dxj81cjQpEWDUJ,0.000647,0.649,0.967,0.226,9.0,0.0964,-1.555,1,0.0608,126.088,0.287,0.4367636363636363,0.9740833333333332,A
42VsgItocQwOQC3XWZ8JNA,https://open.spotify.com/track/42VsgItocQwOQC3XWZ8JNA,0.0316,0.569,0.882,0.0,3.0,0.142,-2.777,0,0.06,148.038,0.2009999999999999,0.5365363636363637,0.9537166666666668,D#
42h7yc9Rda1IOMYLACVgld,https://open.spotify.com/track/42h7yc9Rda1IOMYLACVgld,0.0849,0.623,0.838,0.0,4.0,0.186,-2.454,0,0.15,155.617,0.684,0.5709863636363636,0.9591,E
42zMiF3EFBg5CsYbgKdhj1,https://open.spotify.com/track/42zMiF3EFBg5CsYbgKdhj1,0.123,0.652,0.959,0.0,6.0,0.311,-0.266,1,0.0617,112.04,0.779,0.3729090909090909,0.9955666666666668,F#
43u5DDtK4vQ1coWXb4S5a8,https://open.spotify.com/track/43u5DDtK4vQ1coWXb4S5a8,0.08,0.482,0.83,0.0,11.0,0.256,-3.605,1,0.0544,127.974,0.4000000000000001,0.4453363636363636,0.9399166666666668,B
45J4avUb9Ni0bnETYaYFVJ,https://open.spotify.com/track/45J4avUb9Ni0bnETYaYFVJ,0.251,0.707,0.575,0.0,2.0,0.248,-7.546,1,0.125,138.008,0.576,0.4909454545454546,0.8742333333333333,D
45LdjIY5Ot4SAxOKfmcG2J,https://open.spotify.com/track/45LdjIY5Ot4SAxOKfmcG2J,0.32,0.59,0.826,0.00137,7.0,0.281,-5.636,0,0.0374,89.998,0.543,0.2727181818181818,0.9060666666666666,G
45OflED18VsURGw2z0Y6Cv,https://open.spotify.com/track/45OflED18VsURGw2z0Y6Cv,0.154,0.667,0.912,0.0,11.0,0.351,-2.704,0,0.104,95.031,0.675,0.2955954545454545,0.9549333333333332,B
45xiC13XQsLhV57FxQLlLV,https://open.spotify.com/track/45xiC13XQsLhV57FxQLlLV,0.0426,0.841,0.836,2.47e-06,1.0,0.0555,-4.459,1,0.104,119.972,0.833,0.4089636363636363,0.9256833333333332,C#
45zLrK0668WQ5JFMyiYmCS,https://open.spotify.com/track/45zLrK0668WQ5JFMyiYmCS,0.558,0.786,0.836,0.444,4.0,0.684,-5.839,1,0.0633,92.002,0.921,0.2818272727272727,0.9026833333333334,E
4823f9W4xmR3n1BebPyNaR,https://open.spotify.com/track/4823f9W4xmR3n1BebPyNaR,0.0532999999999999,0.661,0.738,0.906,10.0,0.0922,-5.281,0,0.0429,109.045,0.958,0.3592954545454545,0.9119833333333334,A#
4AZ4Y1QAOLBwnWaX9cguoF,https://open.spotify.com/track/4AZ4Y1QAOLBwnWaX9cguoF,0.0446,0.722,0.575,0.0,10.0,0.226,-3.844,0,0.133,144.972,0.677,0.5226000000000001,0.9359333333333332,A#
4Cr43xPo7bwyCcL1g3yVCu,https://open.spotify.com/track/4Cr43xPo7bwyCcL1g3yVCu,0.268,0.606,0.729,0.0,0.0,0.271,-4.555,1,0.0804,73.967,0.527,0.19985,0.9240833333333334,C
4D4ZahE2dwJwvrmJVARlgk,https://open.spotify.com/track/4D4ZahE2dwJwvrmJVARlgk,0.0173,0.841,0.526,0.00175,8.0,0.0988,-5.602,1,0.106,99.983,0.591,0.3181045454545455,0.9066333333333332,G#
4EwNWRBWdZ6bgvxRHlZ8OO,https://open.spotify.com/track/4EwNWRBWdZ6bgvxRHlZ8OO,0.00191,0.665,0.919,0.0,2.0,0.0588,-3.211,1,0.0921999999999999,129.962,0.782,0.4543727272727272,0.9464833333333332,D
4G5DHbtJTydBqRPNPmYr3p,https://open.spotify.com/track/4G5DHbtJTydBqRPNPmYr3p,0.172,0.923,0.656,0.0,1.0,0.266,-9.179,1,0.33,120.073,0.713,0.4094227272727272,0.8470166666666666,C#
4GvyA3KLY4S83khi5kLsiP,https://open.spotify.com/track/4GvyA3KLY4S83khi5kLsiP,0.0125,0.782,0.846,0.0,1.0,0.142,-2.08,1,0.34,96.016,0.889,0.3000727272727273,0.9653333333333334,C#
4H65EdACzwqV8sTt3dDyA0,https://open.spotify.com/track/4H65EdACzwqV8sTt3dDyA0,0.126,0.9,0.621,9.44e-06,8.0,0.101,-5.098,1,0.0717,109.995,0.895,0.3636136363636363,0.9150333333333334,G#
4HAOgAnILvXCbSODMoRnmD,https://open.spotify.com/track/4HAOgAnILvXCbSODMoRnmD,0.798,0.556,0.339,0.0118,1.0,0.172,-11.128,0,0.033,84.968,0.215,0.2498545454545454,0.8145333333333333,C#
4IJsVXbSeGPUrgwpVoHmlg,https://open.spotify.com/track/4IJsVXbSeGPUrgwpVoHmlg,0.000482,0.665,0.848,0.0,0.0,0.2,-3.6190000000000007,1,0.0708,119.986,0.687,0.4090272727272727,0.9396833333333332,C
4MTNimMDRyFZv37Thcktwa,https://open.spotify.com/track/4MTNimMDRyFZv37Thcktwa,0.0458,0.7279999999999999,0.912,0.0,11.0,0.102,-2.55,0,0.167,120.044,0.8079999999999999,0.4092909090909091,0.9575,B
4MagTPnkPiDuIa4P8GtW1b,https://open.spotify.com/track/4MagTPnkPiDuIa4P8GtW1b,0.534,0.753,0.505,2.58e-06,9.0,0.104,-7.621,1,0.255,91.972,0.419,0.281690909090909,0.8729833333333333,A
4P5ozkI1bxiGxA5rZ27jlO,https://open.spotify.com/track/4P5ozkI1bxiGxA5rZ27jlO,0.0299,0.768,0.765,0.0,9.0,0.0695,-3.487,1,0.0602,131.985,0.717,0.4635681818181819,0.9418833333333332,A
4PdLaGZubp4lghChqp8erB,https://open.spotify.com/track/4PdLaGZubp4lghChqp8erB,0.0483,0.604,0.428,0.0,0.0,0.126,-8.441,1,0.0255,110.259,0.292,0.3648136363636363,0.8593166666666666,C
4QMgEffJQuKtjCNvqfRZ0m,https://open.spotify.com/track/4QMgEffJQuKtjCNvqfRZ0m,0.384,0.521,0.72,0.0,4.0,0.135,-7.684,1,0.104,79.943,0.438,0.2270136363636363,0.8719333333333333,E
4Qay2jEWJYjXmJ8eNOGtaD,https://open.spotify.com/track/4Qay2jEWJYjXmJ8eNOGtaD,0.0154,0.566,0.635,6.33e-06,1.0,0.834,-6.989,1,0.0343,149.993,0.1989999999999999,0.5454227272727272,0.8835166666666667,C#
4QhnNyKDsAkXPwHkSnuc89,https://open.spotify.com/track/4QhnNyKDsAkXPwHkSnuc89,0.0152999999999999,0.663,0.872,0.0,11.0,0.0519,-5.056,1,0.2,142.951,0.626,0.5134136363636363,0.9157333333333334,B
4UToDzb0OxKTPQNZt1aL4x,https://open.spotify.com/track/4UToDzb0OxKTPQNZt1aL4x,0.000401,0.676,0.92,0.0,11.0,0.442,-2.9180000000000006,0,0.0423,114.057,0.785,0.3820772727272727,0.9513666666666668,B
4UXmlYr1AbcsWsIbrUz2DC,https://open.spotify.com/track/4UXmlYr1AbcsWsIbrUz2DC,0.143,0.508,0.888,0.0,9.0,0.161,-5.868,0,0.162,141.076,0.594,0.5048909090909091,0.9022,A
4UwsXGVppRRJpKBHy0mtyK,https://open.spotify.com/track/4UwsXGVppRRJpKBHy0mtyK,0.0157,0.66,0.8850000000000001,0.0004449999999999,1.0,0.301,-2.525,1,0.0688,137.993,0.814,0.4908772727272727,0.9579166666666666,C#
4WUpMUjdoi47LY7gBQBXe3,https://open.spotify.com/track/4WUpMUjdoi47LY7gBQBXe3,0.664,0.557,0.343,5.89e-05,4.0,0.122,-9.641,1,0.0362,64.961,0.112,0.1589136363636363,0.8393166666666667,E
4YJlv9lK1EsszlUZ4ekj7I,https://open.spotify.com/track/4YJlv9lK1EsszlUZ4ekj7I,0.206,0.531,0.67,0.0,4.0,0.213,-5.278,1,0.0278,139.049,0.595,0.4956772727272727,0.9120333333333334,E
4YUiJ6Av2Hp1hiWE9eeAjO,https://open.spotify.com/track/4YUiJ6Av2Hp1hiWE9eeAjO,0.0551,0.532,0.749,0.0,0.0,0.258,-3.719,1,0.0942,148.036,0.444,0.5365272727272727,0.9380166666666666,C
4aShw2oGVO55cXxFGu7MM7,https://open.spotify.com/track/4aShw2oGVO55cXxFGu7MM7,0.0297,0.665,0.837,0.0,2.0,0.273,-3.973,1,0.0267,106.006,0.682,0.3454818181818181,0.9337833333333332,D
4bZZVcgWWMWPBwzTTp642w,https://open.spotify.com/track/4bZZVcgWWMWPBwzTTp642w,0.0224,0.779,0.7619999999999999,0.0,10.0,0.121,-5.188,0,0.0631,110.043,0.859,0.3638318181818182,0.9135333333333332,A#
4bjN59DRXFRxBE1g5ne6B1,unknown_href,0.2104207550200803,0.6701184738955822,0.6932630522088353,0.0265373838554216,5.381526104417671,0.1754937751004016,-5.384678714859438,0,0.0884104417670682,120.96731526104418,0.5458128514056225,0.4134877966411099,0.9102553547523426,C
4dIhOd9VXoBDsq1RUO6rvK,https://open.spotify.com/track/4dIhOd9VXoBDsq1RUO6rvK,0.0571,0.719,0.916,0.00158,9.0,0.0822,-5.152,0,0.0334,119.37600000000002,0.88,0.4062545454545455,0.9141333333333334,A
4daEMLSZCgZ2Mt7gNm2SRa,https://open.spotify.com/track/4daEMLSZCgZ2Mt7gNm2SRa,0.492,0.64,0.609,2.47e-06,1.0,0.152,-7.714,0,0.304,131.889,0.393,0.4631318181818182,0.8714333333333334,C#
4e1aewX6ATPcdfQIqr7gqO,https://open.spotify.com/track/4e1aewX6ATPcdfQIqr7gqO,0.391,0.702,0.701,0.0,10.0,0.132,-3.86,0,0.0758,99.971,0.5950000000000001,0.31805,0.9356666666666666,A#
4gOwpU4kMZZNDWkoHYUj1Z,https://open.spotify.com/track/4gOwpU4kMZZNDWkoHYUj1Z,0.0297,0.702,0.837,0.0,5.0,0.227,-3.447,0,0.0567,91.986,0.685,0.2817545454545455,0.94255,F
4gxEY3Mh5FZZDAJAKPNrCS,https://open.spotify.com/track/4gxEY3Mh5FZZDAJAKPNrCS,0.00953,0.802,0.899,0.000291,11.0,0.101,-2.223,0,0.126,130.047,0.531,0.4547590909090909,0.96295,B
4iSiRU5nGU7EP5TbkEEcsj,https://open.spotify.com/track/4iSiRU5nGU7EP5TbkEEcsj,0.165,0.754,0.847,0.0,9.0,0.0741,-2.322,1,0.0467,130.045,0.896,0.4547499999999999,0.9613,A
4iVmy1j5C3XNxpN11RXRaO,https://open.spotify.com/track/4iVmy1j5C3XNxpN11RXRaO,0.143,0.514,0.55,0.0,11.0,0.114,-8.967,0,0.616,79.76,0.567,0.2261818181818182,0.85055,B
4k5H18hi5SzFNfe2tBNvqY,unknown_href,0.2104207550200803,0.6701184738955822,0.6932630522088353,0.0265373838554216,5.381526104417671,0.1754937751004016,-5.384678714859438,0,0.0884104417670682,120.96731526104418,0.5458128514056225,0.4134877966411099,0.9102553547523426,C
4kSDi21MeOoSvpZs6MveI9,https://open.spotify.com/track/4kSDi21MeOoSvpZs6MveI9,0.105,0.7569999999999999,0.91,0.0,7.0,0.387,-3.953,1,0.0524,119.04,0.686,0.4047272727272727,0.9341166666666666,G
4kjI1gwQZRKNDkw1nI475M,https://open.spotify.com/track/4kjI1gwQZRKNDkw1nI475M,0.651,0.455,0.621,2.59e-06,0.0,0.123,-7.694,0,0.0517,119.043,0.28,0.4047409090909091,0.8717666666666666,C
4njgp1LC4XoUsnF3pN0WXX,https://open.spotify.com/track/4njgp1LC4XoUsnF3pN0WXX,0.064,0.732,0.562,0.0,6.0,0.122,-4.6,1,0.0311,142.136,0.449,0.5097090909090909,0.9233333333333332,F#
4p4yxplNCSmt9xfaAMpcd5,https://open.spotify.com/track/4p4yxplNCSmt9xfaAMpcd5,0.419,0.622,0.604,0.0,6.0,0.1219999999999999,-6.731,1,0.145,89.483,0.698,0.2703772727272727,0.8878166666666666,F#
4pygz13A6EcLL6ti7kqGaf,https://open.spotify.com/track/4pygz13A6EcLL6ti7kqGaf,0.0063,0.641,0.964,0.0,8.0,0.0447,-4.041,0,0.149,165.005,0.601,0.6136590909090909,0.93265,G#
4rMEoXVYww6Xy7q9wSj4gy,https://open.spotify.com/track/4rMEoXVYww6Xy7q9wSj4gy,0.651,0.404,0.443,0.0,8.0,0.1199999999999999,-6.799,1,0.0333,131.298,0.36,0.4604454545454545,0.8866833333333334,G#
4s2MSGZJE1NVmzWkxXB6Qa,https://open.spotify.com/track/4s2MSGZJE1NVmzWkxXB6Qa,0.0323,0.72,0.568,0.0,1.0,0.164,-4.483,1,0.051,105.964,0.634,0.3452909090909091,0.9252833333333332,C#
4u9cOL7R5OjAmlWkeEFXzf,https://open.spotify.com/track/4u9cOL7R5OjAmlWkeEFXzf,0.367,0.59,0.738,0.0,2.0,0.145,-5.069,0,0.0435,140.043,0.342,0.5001954545454546,0.9155166666666666,D
4wQDjZtXjsFtU3BLSiIH4t,https://open.spotify.com/track/4wQDjZtXjsFtU3BLSiIH4t,0.0734,0.796,0.636,9.84e-05,10.0,0.126,-5.404,0,0.0414,102.979,0.582,0.3317227272727273,0.9099333333333334,A#
4xeugB5MqWh0jwvXZPxahq,https://open.spotify.com/track/4xeugB5MqWh0jwvXZPxahq,0.000562,0.62,0.7220000000000001,2.2e-05,8.0,0.0563,-4.281,1,0.0357,110.984,0.368,0.3681090909090909,0.92865,G#
4xhsWYTOGcal8zt0J161CU,https://open.spotify.com/track/4xhsWYTOGcal8zt0J161CU,0.0026,0.943,0.558,2.19e-06,2.0,0.0936999999999999,-4.911,1,0.0568,104.983,0.606,0.3408318181818182,0.91815,D
4yjDMKCAeLovlo9ih0AgXW,https://open.spotify.com/track/4yjDMKCAeLovlo9ih0AgXW,0.268,0.759,0.856,0.0,10.0,0.248,-3.616,1,0.0452,129.039,0.686,0.4501772727272726,0.9397333333333332,A#
4zCcKPm03kHARVAiyzlDX8,https://open.spotify.com/track/4zCcKPm03kHARVAiyzlDX8,0.642,0.273,0.494,0.0,11.0,0.0996,-3.58,1,0.0344,189.142,0.26,0.7233727272727273,0.9403333333333334,B
50Q0BUdTTtaMumIELoyrm8,https://open.spotify.com/track/50Q0BUdTTtaMumIELoyrm8,0.000929,0.733,0.599,0.000304,9.0,0.116,-5.747,1,0.0494,123.991,0.766,0.4272318181818181,0.9042166666666668,A
50xSycnGMDy0Wg5jJcOv3S,https://open.spotify.com/track/50xSycnGMDy0Wg5jJcOv3S,0.0394,0.641,0.889,0.0,8.0,0.181,-3.534,1,0.0541,96.033,0.616,0.30015,0.9411,G#
50zAEIE4B1QqhPjRMK2Xmh,https://open.spotify.com/track/50zAEIE4B1QqhPjRMK2Xmh,0.000175,0.487,0.711,0.0,8.0,0.152,-4.22,1,0.0322,146.921,0.317,0.5314590909090908,0.9296666666666666,G#
51ZQ1vr10ffzbwIjDCwqm4,https://open.spotify.com/track/51ZQ1vr10ffzbwIjDCwqm4,0.0615,0.645,0.646,3.04e-05,5.0,0.074,-8.334,1,0.0427,115.842,0.295,0.3901909090909091,0.8611,F
51vRumtqbkNW9wrKfESwfu,https://open.spotify.com/track/51vRumtqbkNW9wrKfESwfu,0.111,0.795,0.875,8.939999999999999e-05,4.0,0.1069999999999999,-4.079,0,0.0525,104.00799999999998,0.375,0.3363999999999999,0.9320166666666666,E
52iD6HTHA5y3Bvkzpb4Eyz,https://open.spotify.com/track/52iD6HTHA5y3Bvkzpb4Eyz,0.473,0.519,0.655,0.0,5.0,0.0858,-6.428,0,0.0398,159.663,0.515,0.5893772727272728,0.8928666666666667,F
53DDMPqgMWNrEeE3NjThKE,https://open.spotify.com/track/53DDMPqgMWNrEeE3NjThKE,0.321,0.792,0.664,0.0,2.0,0.283,-5.598,1,0.0333,120.041,0.668,0.4092772727272727,0.9067,D
54Nmnszi5JHkDad4HJ5Cul,https://open.spotify.com/track/54Nmnszi5JHkDad4HJ5Cul,0.000355,0.446,0.978,0.0,4.0,0.277,-3.182,1,0.0421,90.013,0.661,0.2727863636363636,0.9469666666666666,E
54tBIDmNdxGp04gPNWCCbi,https://open.spotify.com/track/54tBIDmNdxGp04gPNWCCbi,0.0168,0.797,0.904,0.55,1.0,0.13,-4.327,1,0.0496,125.018,0.556,0.4319,0.9278833333333334,C#
54uNtM77iZ5gawWBQGnEar,https://open.spotify.com/track/54uNtM77iZ5gawWBQGnEar,0.000994,0.749,0.612,0.615,6.0,0.0988,-5.085,0,0.0446,105.017,0.661,0.3409863636363636,0.91525,F#
56iqKa2721m3gM9TveDlRy,unknown_href,0.2104207550200803,0.6701184738955822,0.6932630522088353,0.0265373838554216,5.381526104417671,0.1754937751004016,-5.384678714859438,0,0.0884104417670682,120.96731526104418,0.5458128514056225,0.4134877966411099,0.9102553547523426,C
56v8WEnGzLByGsDAXDiv4d,https://open.spotify.com/track/56v8WEnGzLByGsDAXDiv4d,0.108,0.8119999999999999,0.749,0.0,10.0,0.0599,-6.388999999999999,0,0.0397,134.971,0.841,0.4771409090909091,0.8935166666666667,A#
58JkIC1jK1NZNSJeLXfpWt,https://open.spotify.com/track/58JkIC1jK1NZNSJeLXfpWt,0.169,0.868,0.823,0.0,1.0,0.0892,-4.037,1,0.292,100.014,0.482,0.3182454545454545,0.9327166666666666,C#
58Q3FZFs1YXPpliWQB5kXB,https://open.spotify.com/track/58Q3FZFs1YXPpliWQB5kXB,0.123,0.67,0.802,0.00478,3.0,0.121,-6.555,0,0.0468,171.977,0.551,0.64535,0.89075,D#
59hBR0BCtJsfIbV9VzCVAp,https://open.spotify.com/track/59hBR0BCtJsfIbV9VzCVAp,0.115,0.585,0.815,0.0,0.0,0.124,-4.165,0,0.0565,132.09,0.564,0.4640454545454545,0.9305833333333332,C
5AJ9hqTS2wcFQCELCFRO7A,https://open.spotify.com/track/5AJ9hqTS2wcFQCELCFRO7A,0.0973,0.852,0.697,0.00037,1.0,0.0677999999999999,-5.52,0,0.0439,138.029,0.919,0.4910409090909091,0.908,C#
5D34wRmbFS29AjtTOP2QJe,https://open.spotify.com/track/5D34wRmbFS29AjtTOP2QJe,0.19,0.787,0.775,6.54e-05,1.0,0.113,-6.614,1,0.0548,118.998,0.787,0.4045363636363636,0.8897666666666667,C#
5G2f63n7IPVPPjfNIGih7Q,https://open.spotify.com/track/5G2f63n7IPVPPjfNIGih7Q,0.101,0.674,0.907,0.0,3.0,0.297,-4.086,1,0.064,112.964,0.721,0.3771090909090909,0.9319,D#
5H46gVYLDwpxbsIgPoihO4,https://open.spotify.com/track/5H46gVYLDwpxbsIgPoihO4,0.081,0.759,0.907,0.0,5.0,0.257,-2.651,0,0.113,130.016,0.591,0.4546181818181817,0.9558166666666668,F
5Hfnps0jaWFpYg55WOPexG,https://open.spotify.com/track/5Hfnps0jaWFpYg55WOPexG,0.283,0.593,0.4459999999999999,0.0,0.0,0.119,-7.775999999999999,0,0.0266,102.057,0.168,0.3275318181818182,0.8704000000000001,C
5IAESfJjmOYu7cHyX557kz,https://open.spotify.com/track/5IAESfJjmOYu7cHyX557kz,0.0268,0.617,0.589,0.0,7.0,0.378,-5.978,1,0.0345,92.991,0.566,0.2863227272727273,0.9003666666666666,G
5KfJvZ0PZzRdwFRaTUDAA7,https://open.spotify.com/track/5KfJvZ0PZzRdwFRaTUDAA7,0.286,0.65,0.679,0.0,1.0,0.136,-5.557,0,0.0477,106.059,0.256,0.3457227272727272,0.9073833333333332,C#
5L3ecxQnQ9qTBmnLQiwf0C,https://open.spotify.com/track/5L3ecxQnQ9qTBmnLQiwf0C,0.0386,0.814,0.618,3.34e-06,5.0,0.6709999999999999,-5.614,0,0.0618999999999999,121.075,0.535,0.4139772727272727,0.9064333333333334,F
5LrN7yUQAzvthd4QujgPFr,https://open.spotify.com/track/5LrN7yUQAzvthd4QujgPFr,0.531,0.575,0.45,6.59e-05,4.0,0.124,-9.306,1,0.0259,132.039,0.263,0.4638136363636363,0.8449000000000001,E
5MGMXOhVvwzCjFgdQsFokR,https://open.spotify.com/track/5MGMXOhVvwzCjFgdQsFokR,0.0258,0.749,0.802,0.0,10.0,0.118,-5.78,0,0.0858,107.996,0.443,0.3545272727272727,0.9036666666666666,A#
5ONOlTiqymhzwcFjqcIT6E,https://open.spotify.com/track/5ONOlTiqymhzwcFjqcIT6E,0.862,0.419,0.274,0.0,2.0,0.092,-9.321,1,0.0314,79.595,0.25,0.2254318181818181,0.84465,D
5Odq8ohlgIbQKMZivbWkEo,https://open.spotify.com/track/5Odq8ohlgIbQKMZivbWkEo,0.619,0.881,0.592,1.32e-05,2.0,0.0901,-4.898,1,0.0324,101.058,0.719,0.3229909090909091,0.9183666666666668,D
5RePVWy39tLpHH0WwXgBsK,https://open.spotify.com/track/5RePVWy39tLpHH0WwXgBsK,0.00289,0.661,0.878,0.0,1.0,0.381,-4.099,1,0.31,82.557,0.514,0.2388954545454545,0.9316833333333332,C#
5TNMJ6Csb2NgSohuz76XJT,https://open.spotify.com/track/5TNMJ6Csb2NgSohuz76XJT,0.0363,0.797,0.858,0.0,11.0,0.378,-3.678,0,0.0875,97.058,0.684,0.3048090909090909,0.9387,B
5UmfBGfRJgjZ8CdhgffabQ,https://open.spotify.com/track/5UmfBGfRJgjZ8CdhgffabQ,0.0849,0.492,0.8579999999999999,0.0,9.0,0.0649,-4.726,0,0.272,107.1,0.312,0.3504545454545454,0.9212333333333332,A
5VFCXa64nmh1ivo8cKmqjy,https://open.spotify.com/track/5VFCXa64nmh1ivo8cKmqjy,0.621,0.891,0.758,0.022,9.0,0.124,-5.256,0,0.164,120.016,0.4019999999999999,0.4091636363636364,0.9124,A
5XWlyfo0kZ8LF7VSyfS4Ew,https://open.spotify.com/track/5XWlyfo0kZ8LF7VSyfS4Ew,0.164,0.644,0.872,0.0,6.0,0.363,-1.5400000000000005,0,0.0417,131.016,0.378,0.4591636363636363,0.9743333333333334,F#
5YABYtKx9qa56vBjlXDbmw,https://open.spotify.com/track/5YABYtKx9qa56vBjlXDbmw,0.911,0.462,0.331,0.0,9.0,0.15,-8.794,0,0.0432,141.364,0.604,0.5062,0.8534333333333334,A
5aIVCx5tnk0ntmdiinnYvw,https://open.spotify.com/track/5aIVCx5tnk0ntmdiinnYvw,0.0856,0.673,0.722,0.0,3.0,0.137,-3.495,0,0.0755,117.187,0.519,0.3963045454545454,0.94175,D#
5c2BZj7YSGHwvjf2CtO2S4,https://open.spotify.com/track/5c2BZj7YSGHwvjf2CtO2S4,0.897,0.625,0.129,0.0,7.0,0.0856,-13.824000000000002,1,0.0343,79.979,0.496,0.2271772727272727,0.7696000000000001,G
5doooVlMVRZztQbySqARMI,https://open.spotify.com/track/5doooVlMVRZztQbySqARMI,0.00275,0.633,0.752,1.45e-06,10.0,0.0966,-4.5,0,0.0726,149.947,0.408,0.5452136363636364,0.925,A#
5e6hUjvQG2inD4Svco0PvP,https://open.spotify.com/track/5e6hUjvQG2inD4Svco0PvP,0.461,0.549,0.675,0.0,1.0,0.171,-4.964,0,0.045,84.013,0.373,0.2455136363636363,0.9172666666666668,C#
5eC84hN3UbRhSfnJLdUNLv,https://open.spotify.com/track/5eC84hN3UbRhSfnJLdUNLv,0.0797,0.634,0.744,0.0,1.0,0.122,-3.748,1,0.112,160.024,0.203,0.5910181818181818,0.9375333333333332,C#
5eWcGfUCrVFMoYskyfkEPE,https://open.spotify.com/track/5eWcGfUCrVFMoYskyfkEPE,0.0668,0.695,0.786,1.4099999999999998e-06,9.0,0.109,-2.048,1,0.0666,91.992,0.4650000000000001,0.2817818181818182,0.9658666666666668,A
5fCKBIJ7BwaCpxxwZCbS5X,https://open.spotify.com/track/5fCKBIJ7BwaCpxxwZCbS5X,0.0944,0.686,0.658,0.0,7.0,0.207,-3.506,1,0.0863,101.0,0.353,0.3227272727272727,0.9415666666666668,G
5fpyAakgFOm4YTXkgfPzvV,https://open.spotify.com/track/5fpyAakgFOm4YTXkgfPzvV,0.466,0.934,0.486,3.73e-05,0.0,0.0963,-9.561,0,0.164,130.052,0.3719999999999999,0.4547818181818181,0.84065,C
5gOfC9UzZQzTyShqPMrpjT,https://open.spotify.com/track/5gOfC9UzZQzTyShqPMrpjT,0.249,0.761,0.501,0.0,9.0,0.136,-10.759,0,0.459,81.998,0.502,0.2363545454545454,0.8206833333333333,A
5grkkSqOpUGHfl2KunfdD9,https://open.spotify.com/track/5grkkSqOpUGHfl2KunfdD9,0.0235,0.8329999999999999,0.843,0.000384,5.0,0.229,-2.931,0,0.0463,130.012,0.871,0.4546,0.95115,F
5h1BN75CEh8wdSwE1xrbSe,https://open.spotify.com/track/5h1BN75CEh8wdSwE1xrbSe,0.257,0.579,0.63,0.0046199999999999,8.0,0.0986,-7.758000000000001,1,0.058,155.96,0.552,0.5725454545454546,0.8706999999999999,G#
5hfKDfqthxHt6xsgCjimuO,https://open.spotify.com/track/5hfKDfqthxHt6xsgCjimuO,0.0423,0.708,0.925,3.4e-05,11.0,0.0759,-3.849,0,0.204,133.981,0.549,0.472640909090909,0.93585,B
5hslUAKq9I9CG2bAulFkHN,https://open.spotify.com/track/5hslUAKq9I9CG2bAulFkHN,0.766,0.24,0.598,0.0,7.0,0.117,-8.435,1,0.0369,201.629,0.776,0.7801318181818181,0.8594166666666666,G
5jxuw4S5IDEY6CjjAHvRAt,https://open.spotify.com/track/5jxuw4S5IDEY6CjjAHvRAt,0.038,0.662,0.708,0.00023,8.0,0.0483,-4.626,0,0.0338,127.988,0.607,0.4454,0.9229,G#
5k2AaRbRObN1g0T7MwQNT5,https://open.spotify.com/track/5k2AaRbRObN1g0T7MwQNT5,0.0477,0.653,0.641,0.0,0.0,0.256,-5.628,1,0.0373,123.06,0.488,0.423,0.9062,C
5k3DYylnDDNUMY0EOhrb22,https://open.spotify.com/track/5k3DYylnDDNUMY0EOhrb22,0.11,0.713,0.586,0.0,5.0,0.0982,-5.593,0,0.0385,88.949,0.559,0.2679499999999999,0.9067833333333332,F
5mMMlyyZtJXgxAr8BPUuOM,https://open.spotify.com/track/5mMMlyyZtJXgxAr8BPUuOM,0.929,0.435,0.242,0.0,3.0,0.115,-7.767,0,0.0412,142.733,0.306,0.5124227272727273,0.8705499999999999,D#
5o5mfjvxzxRChb45hbWuuw,https://open.spotify.com/track/5o5mfjvxzxRChb45hbWuuw,0.0215,0.739,0.8459999999999999,0.0,4.0,0.0576999999999999,-4.382,0,0.2469999999999999,97.936,0.897,0.3088,0.9269666666666668,E
5oaQsszgxYAdABuXoWEOUe,https://open.spotify.com/track/5oaQsszgxYAdABuXoWEOUe,0.0948,0.6079999999999999,0.753,0.0,7.0,0.0957,-5.333,1,0.0289,99.97799999999998,0.622,0.3180818181818181,0.9111166666666668,G
5ocSQW5sIUIOFojwXEz9Ki,https://open.spotify.com/track/5ocSQW5sIUIOFojwXEz9Ki,0.185,0.699,0.708,8.43e-06,10.0,0.0921,-4.182,0,0.0496,108.887,0.8629999999999999,0.3585772727272727,0.9303,A#
5ogdIq5F70xEPB3kwiiecr,https://open.spotify.com/track/5ogdIq5F70xEPB3kwiiecr,0.253,0.581,0.574,0.0861,0.0,0.0977,-8.256,0,0.0445,126.019,0.253,0.43645,0.8623999999999999,C
5qrFeNSIrwIc0B6Elp16Dl,https://open.spotify.com/track/5qrFeNSIrwIc0B6Elp16Dl,0.00871,0.801,0.7739999999999999,0.0,1.0,0.0968,-3.604,1,0.157,109.945,0.383,0.3633863636363636,0.9399333333333334,C#
5rNZsITjXf23iFkRA924FV,https://open.spotify.com/track/5rNZsITjXf23iFkRA924FV,0.56,0.775,0.272,0.00278,1.0,0.112,-9.126,0,0.091,103.991,0.198,0.3363227272727273,0.8479,C#
5sdQOyqq2IDhvmx2lHOpwd,https://open.spotify.com/track/5sdQOyqq2IDhvmx2lHOpwd,0.18,0.776,0.817,3.44e-05,5.0,0.146,-6.018000000000001,0,0.0748,149.921,0.515,0.5450954545454545,0.8996999999999999,F
5sjnkOfTLCLNfkkchI2re2,https://open.spotify.com/track/5sjnkOfTLCLNfkkchI2re2,0.0136999999999999,0.777,0.781,2.77e-06,6.0,0.0466,-4.479,0,0.043,98.96999999999998,0.3819999999999999,0.3134999999999999,0.92535,F#
5tDxLjAnkojfnXnjOk6mvh,https://open.spotify.com/track/5tDxLjAnkojfnXnjOk6mvh,0.0899,0.604,0.763,6.82e-06,2.0,0.129,-5.22,0,0.0505,122.018,0.198,0.4182636363636364,0.913,D
5vNRhkKd0yEAg8suGBpjeY,https://open.spotify.com/track/5vNRhkKd0yEAg8suGBpjeY,0.0283,0.777,0.783,0.0,0.0,0.355,-4.477,0,0.26,149.027,0.9389999999999998,0.5410318181818181,0.9253833333333332,C
5w40ZYhbBMAlHYNDaVJIUu,https://open.spotify.com/track/5w40ZYhbBMAlHYNDaVJIUu,0.00154,0.49,0.88,0.0,2.0,0.103,-4.856,1,0.0435,169.949,0.392,0.6361318181818182,0.9190666666666666,D
5ydjxBSUIDn26MFzU3asP4,https://open.spotify.com/track/5ydjxBSUIDn26MFzU3asP4,0.739,0.633,0.454,0.0,9.0,0.148,-8.016,0,0.0875,74.828,0.282,0.2037636363636363,0.8664000000000001,A
629DixmZGHc7ILtEntuiWE,https://open.spotify.com/track/629DixmZGHc7ILtEntuiWE,0.0452,0.893,0.4,0.0823,11.0,0.0632,-7.981,0,0.0643,124.987,0.945,0.4317590909090908,0.8669833333333333,B
62HKW77nt6tudsIHXT2A0M,https://open.spotify.com/track/62HKW77nt6tudsIHXT2A0M,0.397,0.623,0.462,0.0115,4.0,0.0492,-7.82,0,0.0326,73.007,0.344,0.1954863636363636,0.8696666666666667,E
62J3LcwTASdo624WsF3L6k,unknown_href,0.2104207550200803,0.6701184738955822,0.6932630522088353,0.0265373838554216,5.381526104417671,0.1754937751004016,-5.384678714859438,0,0.0884104417670682,120.96731526104418,0.5458128514056225,0.4134877966411099,0.9102553547523426,C
65FftemJ1DbbZ45DUfHJXE,https://open.spotify.com/track/65FftemJ1DbbZ45DUfHJXE,0.357,0.804,0.771,3.07e-06,9.0,0.1079999999999999,-4.067,0,0.0433,126.95600000000002,0.739,0.440709090909091,0.9322166666666668,A
65ZihkVQO3KqPj7ZKxmcev,https://open.spotify.com/track/65ZihkVQO3KqPj7ZKxmcev,0.127,0.666,0.628,0.0,8.0,0.0287,-4.692,1,0.0471,139.999,0.57,0.4999954545454545,0.9218,G#
67nepsnrcZkowTxMWigSbb,https://open.spotify.com/track/67nepsnrcZkowTxMWigSbb,0.012,0.557,0.774,0.0,7.0,0.396,-5.275,0,0.351,111.975,0.397,0.3726136363636363,0.9120833333333334,G
67yDGKXKIkyBhwbey8AmEU,https://open.spotify.com/track/67yDGKXKIkyBhwbey8AmEU,0.155,0.767,0.78,0.000159,2.0,0.099,-5.47,1,0.0426,120.025,0.661,0.4092045454545455,0.9088333333333334,D
688HHZKdMymemA6FkraDuJ,https://open.spotify.com/track/688HHZKdMymemA6FkraDuJ,0.0214,0.477,0.8330000000000001,0.0,1.0,0.28,-2.769,1,0.136,100.02400000000002,0.531,0.3182909090909092,0.95385,C#
6AI3ezQ4o3HUoP6Dhudph3,https://open.spotify.com/track/6AI3ezQ4o3HUoP6Dhudph3,0.0107,0.898,0.472,0.0,1.0,0.141,-7.001,1,0.0776,101.061,0.214,0.3230045454545455,0.8833166666666667,C#
6BteP1uOVCsGfA58E3L8Fu,https://open.spotify.com/track/6BteP1uOVCsGfA58E3L8Fu,0.668,0.67,0.585,5.95e-06,5.0,0.546,-6.385,1,0.359,79.938,0.484,0.2269909090909091,0.8935833333333334,F
6D90VTeGEWYX5AkAtjHZh1,https://open.spotify.com/track/6D90VTeGEWYX5AkAtjHZh1,0.0226,0.583,0.881,0.0,5.0,0.522,-3.74,1,0.0327,123.063,0.359,0.4230136363636363,0.9376666666666666,F
6G3myAs4HemIdtLYhhjGLP,https://open.spotify.com/track/6G3myAs4HemIdtLYhhjGLP,0.000496,0.73,0.565,0.839,10.0,0.0877,-6.17,0,0.0763,160.047,0.456,0.5911227272727273,0.8971666666666667,A#
6IBVgRiEsCo3XkUK7IzaCX,https://open.spotify.com/track/6IBVgRiEsCo3XkUK7IzaCX,0.315,0.93,0.471,0.00215,11.0,0.108,-9.5,0,0.304,126.048,0.28,0.4365818181818182,0.8416666666666667,B
6Ixrp3yXfzv5brZXmZuXXN,https://open.spotify.com/track/6Ixrp3yXfzv5brZXmZuXXN,0.0197,0.811,0.759,9.24e-06,5.0,0.145,-4.24,0,0.0535,117.005,0.83,0.3954772727272727,0.9293333333333332,F
6JVXVLqCPaodBSEwRFUN8w,https://open.spotify.com/track/6JVXVLqCPaodBSEwRFUN8w,0.135,0.796,0.543,0.0,9.0,0.134,-6.113,1,0.0593,133.75,0.52,0.4715909090909091,0.8981166666666667,A
6P3CtlzTKLxcNYGOS3es8m,https://open.spotify.com/track/6P3CtlzTKLxcNYGOS3es8m,0.00775,0.801,0.805,0.0,8.0,0.0588,-4.169,0,0.0641,97.021,0.664,0.3046409090909091,0.9305166666666668,G#
6PfZSRqH1vxzYR7z92lD9a,https://open.spotify.com/track/6PfZSRqH1vxzYR7z92lD9a,0.541,0.372,0.298,0.849,4.0,0.107,-11.209,1,0.0325,169.857,0.167,0.6357136363636363,0.8131833333333333,E
6QqrxJe1iQxwLY6he6FLFo,https://open.spotify.com/track/6QqrxJe1iQxwLY6he6FLFo,0.2409999999999999,0.687,0.837,0.0,4.0,0.231,-5.722,1,0.0344,129.942,0.824,0.4542818181818182,0.9046333333333332,E
6RBziRcDeiho3iTPdtEeg9,https://open.spotify.com/track/6RBziRcDeiho3iTPdtEeg9,0.0758,0.534,0.861,0.0,11.0,0.167,-3.177,0,0.0361,97.977,0.286,0.3089863636363636,0.94705,B
6UuivqCFXWCZDDEAJACA3S,https://open.spotify.com/track/6UuivqCFXWCZDDEAJACA3S,0.225,0.7319999999999999,0.802,3.22e-06,9.0,0.11,-3.573,0,0.0393,93.99,0.493,0.2908636363636363,0.94045,A
6UwrPxRaR5HPNLDDl7RcT9,https://open.spotify.com/track/6UwrPxRaR5HPNLDDl7RcT9,0.201,0.86,0.762,0.0,7.0,0.082,-3.839,1,0.123,125.074,0.787,0.4321545454545454,0.9360166666666668,G
6WzRpISELf3YglGAh7TXcG,https://open.spotify.com/track/6WzRpISELf3YglGAh7TXcG,0.0517,0.854,0.674,8.53e-05,1.0,0.509,-6.23,1,0.184,99.022,0.848,0.3137363636363636,0.8961666666666666,C#
6XpBnC6GEKJjnkkwdWzYZG,https://open.spotify.com/track/6XpBnC6GEKJjnkkwdWzYZG,0.0214,0.862,0.685,1.32e-06,0.0,0.0934,-5.008,0,0.125,108.054,0.347,0.3547909090909091,0.9165333333333332,C
6ZUdN0SmTwV7orWD14Emwl,https://open.spotify.com/track/6ZUdN0SmTwV7orWD14Emwl,0.318,0.782,0.839,0.0,11.0,0.0667,-3.933,1,0.0436,124.994,0.914,0.4317909090909091,0.93445,B
6aJn7Cst74cj4lNIiPRgav,https://open.spotify.com/track/6aJn7Cst74cj4lNIiPRgav,0.549,0.739,0.904,1.03e-05,5.0,0.0948,-2.655,0,0.0442,167.033,0.788,0.6228772727272727,0.95575,F
6auT8cRBu3BgPRBrdVBY15,https://open.spotify.com/track/6auT8cRBu3BgPRBrdVBY15,0.374,0.507,0.87,0.0,2.0,0.271,-2.277,1,0.0346,133.091,0.663,0.4685954545454546,0.96205,D
6b6KXDbDn0s0Jepxm8a3nr,https://open.spotify.com/track/6b6KXDbDn0s0Jepxm8a3nr,0.103,0.835,0.703,0.0,0.0,0.133,-4.368,1,0.0528,129.995,0.6610000000000001,0.4545227272727273,0.9272,C
6bSfeCXlUaGa3eWCy5qPTb,https://open.spotify.com/track/6bSfeCXlUaGa3eWCy5qPTb,0.262,0.775,0.316,0.0,9.0,0.0853,-11.591,1,0.447,157.022,0.268,0.5773727272727273,0.8068166666666666,A
6dOtVTDdiauQNBQEDOtlAB,https://open.spotify.com/track/6dOtVTDdiauQNBQEDOtlAB,0.2,0.747,0.507,0.0607999999999999,2.0,0.1169999999999999,-10.171,1,0.0358,104.978,0.438,0.3408090909090909,0.8304833333333334,D
6e5L42GYpMs0jHODC9VEes,https://open.spotify.com/track/6e5L42GYpMs0jHODC9VEes,0.00523,0.516,0.8400000000000001,0.0,7.0,0.0536,-3.537,1,0.0772,197.977,0.526,0.7635318181818181,0.94105,G
6ezYHltHYhuJckdCsYsRJI,https://open.spotify.com/track/6ezYHltHYhuJckdCsYsRJI,0.461,0.701,0.588,0.0,8.0,0.24,-4.059,0,0.0475,123.078,0.394,0.4230818181818181,0.93235,G#
6f0DlyudChM3b2olFTsr7d,https://open.spotify.com/track/6f0DlyudChM3b2olFTsr7d,0.237,0.778,0.927,0.0,11.0,0.657,-1.197,1,0.0528,118.004,0.608,0.4000181818181818,0.98005,B
6f4CAdAmrOfGH3FOfwHMSV,https://open.spotify.com/track/6f4CAdAmrOfGH3FOfwHMSV,0.138,0.845,0.557,5.220000000000001e-06,2.0,0.23,-5.549,1,0.0423,124.949,0.609,0.4315863636363636,0.9075166666666666,D
6j268AN4RJXNyFNeFUfB50,https://open.spotify.com/track/6j268AN4RJXNyFNeFUfB50,0.0159,0.64,0.955,0.0,4.0,0.322,-1.565,0,0.0586,121.99,0.358,0.4181363636363636,0.9739166666666668,E
6je5cTal6PyeITNrOzkCoS,https://open.spotify.com/track/6je5cTal6PyeITNrOzkCoS,0.0378,0.595,0.758,0.0,9.0,0.0561,-4.488,1,0.035,132.01,0.377,0.4636818181818181,0.9252,A
6jgUrLEivd4DaiYb1izJLF,https://open.spotify.com/track/6jgUrLEivd4DaiYb1izJLF,0.00614,0.708,0.737,0.853,6.0,0.12,-8.106,1,0.0496,171.99,0.678,0.6454090909090909,0.8649,F#
6kxkMrPqppgT3TQjOyhAYk,https://open.spotify.com/track/6kxkMrPqppgT3TQjOyhAYk,0.318,0.656,0.48,0.0,2.0,0.0917,-7.156,1,0.0552,132.043,0.402,0.4638318181818182,0.8807333333333334,D
6mSCY4xjKyt5xLlgOXXHSk,https://open.spotify.com/track/6mSCY4xjKyt5xLlgOXXHSk,0.246,0.64,0.95,0.697,1.0,0.0577,-6.451,1,0.0405,113.014,0.224,0.3773363636363636,0.8924833333333333,C#
6nICBdDevG4NZysIqDFPEa,https://open.spotify.com/track/6nICBdDevG4NZysIqDFPEa,0.549,0.654,0.7870000000000001,0.0,6.0,0.13,-2.538,1,0.0636,77.513,0.632,0.2159681818181818,0.9577,F#
6oNLSQX8bcAdbCElZYju3v,https://open.spotify.com/track/6oNLSQX8bcAdbCElZYju3v,0.0539,0.672,0.801,0.0,6.0,0.131,-3.968,0,0.0413,140.025,0.415,0.5001136363636364,0.9338666666666666,F#
6odZjB2Z1T2iJTf5bbqUIe,https://open.spotify.com/track/6odZjB2Z1T2iJTf5bbqUIe,0.244,0.77,0.659,0.0,8.0,0.0576,-6.181,1,0.198,67.496,0.649,0.1704363636363636,0.8969833333333334,G#
6pIuPm3u7QgUFAX1V0D9wY,https://open.spotify.com/track/6pIuPm3u7QgUFAX1V0D9wY,0.00668,0.609,0.619,0.0,9.0,0.0659,-6.515,0,0.054,141.957,0.113,0.5088954545454545,0.8914166666666666,A
6pqyZNnLKyJKtrlf42FQoq,https://open.spotify.com/track/6pqyZNnLKyJKtrlf42FQoq,0.284,0.836,0.841,0.0,7.0,0.386,-3.609,1,0.116,116.0,0.678,0.3909090909090909,0.93985,G
6qVqWJxIpsabUKBILG7d6N,https://open.spotify.com/track/6qVqWJxIpsabUKBILG7d6N,0.185,0.598,0.836,0.0,7.0,0.292,-1.694,1,0.0304,152.009,0.37,0.5545863636363636,0.9717666666666668,G
6qafqn8bBMy7t5c5WqpyRk,https://open.spotify.com/track/6qafqn8bBMy7t5c5WqpyRk,0.391,0.716,0.531,0.0,0.0,0.0691,-6.051,1,0.0367,87.984,0.431,0.2635636363636363,0.89915,C
6rdkCkjk6D12xRpdMXy0I2,https://open.spotify.com/track/6rdkCkjk6D12xRpdMXy0I2,0.51,0.807,0.721,0.00216,4.0,0.115,-6.211,0,0.0508,134.014,0.532,0.4727909090909091,0.8964833333333334,E
6t34W4GkIQxh0RFDEj30jy,https://open.spotify.com/track/6t34W4GkIQxh0RFDEj30jy,0.515,0.597,0.356,0.000426,5.0,0.143,-11.632,0,0.383,178.232,0.285,0.6737818181818181,0.8061333333333334,F
6uPnrBgweGOcwjFL4ItAvV,https://open.spotify.com/track/6uPnrBgweGOcwjFL4ItAvV,0.0943,0.856,0.901,0.0206,8.0,0.0802,-2.954,0,0.0455,126.007,0.743,0.4363954545454546,0.9507666666666666,G#
6uPyPOSTwYCgPjYINvXUKl,https://open.spotify.com/track/6uPyPOSTwYCgPjYINvXUKl,0.255,0.651,0.7349999999999999,0.000408,9.0,0.15,-5.443,1,0.0285,137.256,0.734,0.4875272727272727,0.9092833333333332,A
6x7SB38tuekpu4xpH9OIPY,https://open.spotify.com/track/6x7SB38tuekpu4xpH9OIPY,0.763,0.642,0.289,0.0,10.0,0.0856,-11.86,1,0.0472,78.004,0.282,0.2182,0.8023333333333333,A#
6xGr4tVzpTX99p9Cf0hRRL,https://open.spotify.com/track/6xGr4tVzpTX99p9Cf0hRRL,0.0322,0.853,0.824,0.0,1.0,0.0859,-3.287,1,0.103,108.044,0.888,0.3547454545454545,0.9452166666666668,C#
6xXCn7H2Yl8SDD6jxo5SpN,https://open.spotify.com/track/6xXCn7H2Yl8SDD6jxo5SpN,0.015,0.788,0.572,2.14e-05,9.0,0.119,-6.227,1,0.0563,111.996,0.556,0.3727090909090909,0.8962166666666666,A
6zZWoHlF2zNSLUNLvx4GUl,https://open.spotify.com/track/6zZWoHlF2zNSLUNLvx4GUl,0.11,0.782,0.767,0.00323,0.0,0.496,-5.383,1,0.0529,115.027,0.548,0.3864863636363636,0.9102833333333332,C
70t7Q6AYG6ZgTYmJWcnkUM,https://open.spotify.com/track/70t7Q6AYG6ZgTYmJWcnkUM,0.0115,0.683,0.875,0.0,4.0,0.084,-4.866,0,0.0548999999999999,122.002,0.384,0.418190909090909,0.9189,E
7221xIgOnuakPdLqT0F3nP,https://open.spotify.com/track/7221xIgOnuakPdLqT0F3nP,0.0075699999999999,0.638,0.855,0.0,7.0,0.245,-4.86,1,0.0264,127.986,0.731,0.4453909090909091,0.919,G
72gPDy1zVt95zVNali0IhK,https://open.spotify.com/track/72gPDy1zVt95zVNali0IhK,0.0084,0.809,0.733,8.07e-06,7.0,0.391,-5.205,1,0.0446,130.099,0.578,0.4549954545454545,0.91325,G
74X2u8JMVooG2QbjRxXwR8,https://open.spotify.com/track/74X2u8JMVooG2QbjRxXwR8,0.1,0.697,0.82,0.0,5.0,0.0631,-4.502,1,0.0308,136.054,0.502,0.4820636363636363,0.9249666666666666,F
74ewFAgDzRkhZ7EX2eLtfZ,https://open.spotify.com/track/74ewFAgDzRkhZ7EX2eLtfZ,0.247,0.291,0.453,0.162,7.0,0.219,-10.387,1,0.0285,166.224,0.291,0.6192,0.8268833333333333,G
75bgkdHdg7ppBcHdLJkSBM,https://open.spotify.com/track/75bgkdHdg7ppBcHdLJkSBM,0.49,0.843,0.567,0.00106,0.0,0.123,-5.569,1,0.0342,100.03,0.669,0.3183181818181818,0.9071833333333332,C
77DRzu7ERs0TX3roZcre7Q,https://open.spotify.com/track/77DRzu7ERs0TX3roZcre7Q,0.046,0.831,0.643,0.0,1.0,0.084,-5.002,1,0.11,139.948,0.142,0.4997636363636364,0.9166333333333332,C#
78BNKlQLeKRQxkqKI11n2F,https://open.spotify.com/track/78BNKlQLeKRQxkqKI11n2F,0.021,0.671,0.621,0.0238,2.0,0.257,-8.877,1,0.0604,127.985,0.645,0.4453863636363636,0.85205,D
7AbqgE05nFl9qY4FRUiq2p,https://open.spotify.com/track/7AbqgE05nFl9qY4FRUiq2p,0.508,0.507,0.394,0.0,6.0,0.0825,-7.188,0,0.035,77.955,0.164,0.2179772727272727,0.8802,F#
7BPadP3q9qwMkho3IMPU99,https://open.spotify.com/track/7BPadP3q9qwMkho3IMPU99,0.0166,0.602,0.877,6.51e-06,4.0,0.858,-6.27,0,0.385,105.002,0.724,0.3409181818181818,0.8955000000000001,E
7BRD7x5pt8Lqa1eGYC4dzj,https://open.spotify.com/track/7BRD7x5pt8Lqa1eGYC4dzj,0.144,0.7,0.425,0.879,7.0,0.083,-12.531,1,0.0529,110.015,0.521,0.3637045454545454,0.79115,G
7CAdT0HdiQNlt1C7xk2hep,https://open.spotify.com/track/7CAdT0HdiQNlt1C7xk2hep,0.299,0.512,0.76,0.0,2.0,0.103,-5.889,0,0.0682,130.096,0.495,0.4549818181818182,0.90185,D
7I7sgtRgqzzYJnXo3hbSE9,https://open.spotify.com/track/7I7sgtRgqzzYJnXo3hbSE9,0.3409999999999999,0.62,0.64,0.00125,7.0,0.14,-7.308000000000001,1,0.0305,92.522,0.409,0.2841909090909091,0.8782,G
7JxPQzxhJSsBBNu1D76ig2,https://open.spotify.com/track/7JxPQzxhJSsBBNu1D76ig2,0.468,0.8830000000000001,0.699,0.000701,4.0,0.0763,-3.758,0,0.0708,98.013,0.54,0.30915,0.9373666666666666,E
7KUb5GsTcXfpG0phkbL2mR,https://open.spotify.com/track/7KUb5GsTcXfpG0phkbL2mR,0.73,0.708,0.444,3.5e-06,1.0,0.288,-8.144,1,0.0326,115.034,0.566,0.3865181818181818,0.8642666666666667,C#
7KZNgri6Jxw88FAfATw6i9,https://open.spotify.com/track/7KZNgri6Jxw88FAfATw6i9,0.0198,0.659,0.751,0.0,0.0,0.182,-5.461,0,0.0337,115.951,0.8020000000000002,0.3906863636363636,0.9089833333333334,C
7LSpFCvRZZot2AlmkUzy9k,https://open.spotify.com/track/7LSpFCvRZZot2AlmkUzy9k,0.0976,0.588,0.88,0.000167,9.0,0.767,-6.117,0,0.0747,96.003,0.242,0.3000136363636363,0.89805,A
7Mmv4tVcaAAM0M9bn6h6zY,https://open.spotify.com/track/7Mmv4tVcaAAM0M9bn6h6zY,0.515,0.681,0.791,0.0,11.0,0.238,-4.858,1,0.0262,130.056,0.771,0.4548,0.9190333333333334,B
7dYEUpcXJLDcI22m0dgmnH,https://open.spotify.com/track/7dYEUpcXJLDcI22m0dgmnH,0.026,0.486,0.91,0.0,9.0,0.189,-3.291,0,0.116,109.882,0.677,0.3631,0.94515,A
7eBpUuPnDTfbeP1P4P93CS,https://open.spotify.com/track/7eBpUuPnDTfbeP1P4P93CS,0.103,0.707,0.86,0.0,11.0,0.0989,-2.935,0,0.191,152.026,0.922,0.5546636363636364,0.9510833333333332,B
7egcmrxRDee6C5M3AtXZ7L,https://open.spotify.com/track/7egcmrxRDee6C5M3AtXZ7L,0.015,0.691,0.802,0.0,5.0,0.1009999999999999,-5.302,0,0.0521,92.961,0.399,0.2861863636363636,0.9116333333333332,F
7foeH2Emgq8A3LWk3q6dat,https://open.spotify.com/track/7foeH2Emgq8A3LWk3q6dat,0.0118999999999999,0.8,0.792,1.11e-06,11.0,0.0495,-4.953,1,0.0529,102.0,0.455,0.3272727272727272,0.91745,B
7gMfVc4zfNIxuMyMGglOHa,https://open.spotify.com/track/7gMfVc4zfNIxuMyMGglOHa,0.142,0.372,0.567,0.0,5.0,0.0871,-4.211,0,0.0361,172.024,0.0928,0.6455636363636363,0.9298166666666668,F
7goJkLIyjtlskr2JCD9F6h,https://open.spotify.com/track/7goJkLIyjtlskr2JCD9F6h,0.245,0.684,0.646,0.000647,11.0,0.196,-6.635000000000001,0,0.0446,129.961,0.3619999999999999,0.4543681818181819,0.8894166666666667,B
7k1c7yTyXKW0gLyQ2Nxiyd,https://open.spotify.com/track/7k1c7yTyXKW0gLyQ2Nxiyd,0.34,0.687,0.538,5.34e-05,9.0,0.152,-7.928,0,0.0302,82.522,0.204,0.2387363636363636,0.8678666666666667,A
7mAZPBCTeQCRqOaq3OPVMN,https://open.spotify.com/track/7mAZPBCTeQCRqOaq3OPVMN,0.0102,0.7280000000000001,0.64,1.3e-06,1.0,0.131,-3.837,1,0.284,88.657,0.633,0.2666227272727272,0.93605,C#
7mpdNiaQvygj2rHoxkzMfa,https://open.spotify.com/track/7mpdNiaQvygj2rHoxkzMfa,0.285,0.795,0.781,0.0,1.0,0.108,-4.647,1,0.141,104.972,0.687,0.3407818181818181,0.92255,C#
7ovUcF5uHTBRzUpB6ZOmvt,https://open.spotify.com/track/7ovUcF5uHTBRzUpB6ZOmvt,0.112,0.574,0.935,1.07e-06,1.0,0.367,-2.783,1,0.0926,166.008,0.836,0.6182181818181819,0.9536166666666668,C#
7pgbDdy7ax962o9d2xJceV,https://open.spotify.com/track/7pgbDdy7ax962o9d2xJceV,0.366,0.609,0.614,0.00108,8.0,0.108,-8.154,1,0.0699,156.01899999999998,0.564,0.5728136363636362,0.8641000000000001,G#
7tI8dRuH2Yc6RuoTjxo4dU,https://open.spotify.com/track/7tI8dRuH2Yc6RuoTjxo4dU,0.00289,0.66,0.756,0.0,0.0,0.193,-3.743,0,0.032,116.034,0.838,0.3910636363636364,0.9376166666666668,C
7uGYWMwRy24dm7RUDDhUlD,https://open.spotify.com/track/7uGYWMwRy24dm7RUDDhUlD,0.137,0.596,0.563,0.0,0.0,0.302,-7.362,1,0.0269,97.073,0.481,0.3048772727272727,0.8773,C
7uoFMmxln0GPXQ0AcCBXRq,https://open.spotify.com/track/7uoFMmxln0GPXQ0AcCBXRq,0.426,0.717,0.524,0.0,1.0,0.0932,-6.222,1,0.0331,104.953,0.339,0.3406954545454546,0.8963,C#
7uyeEbG6hyApgXuEypGcsZ,https://open.spotify.com/track/7uyeEbG6hyApgXuEypGcsZ,0.0459,0.736,0.678,5.46e-06,5.0,0.104,-4.503000000000001,1,0.0464,160.045,0.757,0.5911136363636363,0.92495,F
7vQbuQcyTflfCIOu3Uzzya,https://open.spotify.com/track/7vQbuQcyTflfCIOu3Uzzya,0.643,0.754,0.424,0.0,2.0,0.0652,-8.463,1,0.0363,119.705,0.806,0.40775,0.85895,D
7vjfnsnDXZGK4PSq54ISjc,https://open.spotify.com/track/7vjfnsnDXZGK4PSq54ISjc,0.0786,0.752,0.892,0.0,2.0,0.158,-3.1,1,0.108,135.953,0.88,0.4816045454545454,0.9483333333333334,D
7vv89PswQvqGKCGJ1rw5on,https://open.spotify.com/track/7vv89PswQvqGKCGJ1rw5on,0.054,0.731,0.686,0.0,11.0,0.0865,-4.707,0,0.121,121.991,0.4579999999999999,0.418140909090909,0.92155,B
7wAkQFShJ27V8362MqevQr,https://open.spotify.com/track/7wAkQFShJ27V8362MqevQr,0.73,0.423,0.533,0.00264,9.0,0.0816,-11.388,1,0.322,160.218,0.248,0.5919,0.8102,A
7x3SGAkfIrzDr9paSslwMv,https://open.spotify.com/track/7x3SGAkfIrzDr9paSslwMv,0.536,0.372,0.551,0.0,6.0,0.226,-3.508,1,0.0324,105.104,0.444,0.3413818181818182,0.9415333333333332,F#
7xapw9Oy21WpfEcib2ErSA,https://open.spotify.com/track/7xapw9Oy21WpfEcib2ErSA,0.498,0.658,0.56,0.0,6.0,0.0794,-9.049,0,0.0467,161.993,0.854,0.5999681818181818,0.8491833333333333,F#
7yZD4AVfQtAZD4cG8eRnPk,https://open.spotify.com/track/7yZD4AVfQtAZD4cG8eRnPk,0.803,0.425,0.362,1.54e-05,6.0,0.103,-10.199,0,0.0555,153.81200000000004,0.287,0.5627818181818184,0.8300166666666667,F#
7z7kvUQGwlC6iOl7vMuAr9,https://open.spotify.com/track/7z7kvUQGwlC6iOl7vMuAr9,0.0011,0.552,0.7299999999999999,0.0,1.0,0.0837,-6.203,1,0.0381,116.875,0.162,0.3948863636363636,0.8966166666666666,C#
